Workbook

Sheet PM POP RJBT
A1: NO | B1: KATEGORI | C1: POP NAME | D1: POP ID | E1: WILAYAH | F1: KP | G1: TIKOR | H1: SERVO | I1: PT.SERVO | J1: Tahap 1 | K1: Tahap 2 | L1: Tahap 3 | M1: Tahap 4 | N1: Tahap 5 | O1: Tahap 6 | P1: Persentase | Q1: STATUS | R1: HEALTH INDEX | S1: Catatan Hasil PM | T1: DONE | U1: MITRA | V1: PIC PM SERVO | W1: WO | X1: LAPORAN | Y1: LINK BA TAHAP 1 | Z1: TAHAP 2 | AA1: TAHAP 3 | AB1: TAHAP 4
A2: 1 | B2: POP-SB | C2: POP_1SBY003_INTILAND LT.5 | D2: POP_1SBY003 | E2: SURABAYA | F2: SURABAYA | G2: -7.27294566762687, 112.742837642641 | H2: SURABAYA | I2: PT. ALMAHYRA DIAN KURNIA | J2: 46079 | K2: 46173 | L2: 46209 | M2: 46302 | P2: =IF(B2="POP-SB",COUNTA(J2:M2)/4, IF(B2="POP-B",COUNTA(J2:M2)/2, COUNTA(J2:M2)/1)) -> 1 | Q2: =IF(P2=100%,"SELESAI","BELUM") -> SELESAI | T2: TRUE | U2: ALMAHYRA DIAN KURNIA | W2: WP142026024838 WP142026070982 | X2: TRUE | Y2: PM FOT POP_1SBY003_INTILAND LT.5.pdf | Z2: PM FOT POP_1SBY00003_INTILAND LT.5 TAHAP 2.pdf
A3: 2 | B3: POP-SB | C3: POP_1SDA002_WARU GI SHELTER-1 PLN | D3: POP_1SDA002 | E3: SURABAYA | F3: SURABAYA | G3: -7.347475646583534, 112.70742192864394 | H3: SIDOARJO | I3: PT. ALMAHYRA DIAN KURNIA | J3: 46079 | K3: 46149 | L3: 46247 | P3: =IF(B3="POP-SB",COUNTA(J3:M3)/4, IF(B3="POP-B",COUNTA(J3:M3)/2, COUNTA(J3:M3)/1)) -> 0.75 | Q3: =IF(P3=100%,"SELESAI","BELUM") -> BELUM | T3: FALSE | U3: ALMAHYRA DIAN KURNIA | W3: WP142026024849,WP142026050931 | X3: TRUE | Y3: PM FOT POP Shelter 1 GI Waru.docx
A4: 3 | B4: POP-B | C4: POP_1BJN001_BABAT GI SHELTER PLN | D4: POP_1BJN001 | E4: MADIUN | F4: MADIUN | G4: -7.12371918710264, 112.146650999529 | H4: TUBAN | I4: PT. INFRATECH INDONESIA | J4: 46149 | K4: 46269 | P4: =IF(B4="POP-SB",COUNTA(J4:M4)/4, IF(B4="POP-B",COUNTA(J4:M4)/2, COUNTA(J4:M4)/1)) -> 1 | Q4: =IF(P4=100%,"SELESAI","BELUM") -> SELESAI | T4: TRUE | U4: INFRATECH | W4: WP142026091147 | X4: TRUE | Y4: WP142026050951 PM POP SHELTER GI BABAT.pdf
A5: 4 | B5: POP-B | C5: POP_1KDR10048_BANARAN GI 2 SHELTER PLN | D5: POP_1KDR10048 | E5: MALANG | F5: MALANG | G5: -7.836792363410147, 112.03212950643739 | H5: KEDIRI | I5: PT. INFRATECH INDONESIA | J5: 46079 | K5: 46272 | P5: =IF(B5="POP-SB",COUNTA(J5:M5)/4, IF(B5="POP-B",COUNTA(J5:M5)/2, COUNTA(J5:M5)/1)) -> 1 | Q5: =IF(P5=100%,"SELESAI","BELUM") -> SELESAI | S5: Overload | T5: TRUE | U5: ADYWIANSA | W5: WP142026024894 | X5: TRUE
A6: 5 | B6: POP-B | C6: POP_1KDR002_BANARAN GI SHELTER PLN | D6: POP_1KDR002 | E6: MALANG | F6: MALANG | G6: -7.83650222429292, 112.031950078219 | H6: KEDIRI | I6: PT. INFRATECH INDONESIA | J6: 46079 | K6: 46204 | P6: =IF(B6="POP-SB",COUNTA(J6:M6)/4, IF(B6="POP-B",COUNTA(J6:M6)/2, COUNTA(J6:M6)/1)) -> 1 | Q6: =IF(P6=100%,"SELESAI","BELUM") -> SELESAI | S6: Genset Gagal nyaka | T6: TRUE | U6: ADYWIANSA | W6: WP142026024894 WP142026070186 | X6: TRUE | Y6: WP142026024894, WP142026024901 PM POP SHELTER GI BANARAN PLN.pdf
A7: 7 | B7: POP-B | C7: POP_1BKL002_BANGKALAN GI SHELTER PLN | D7: POP_1BKL002 | E7: SURABAYA | F7: SURABAYA | G7: -7.05720731558934, 112.79288184731 | H7: MADURA | I7: PT. ALMAHYRA DIAN KURNIA | J7: 46079 | K7: 46268 | P7: =IF(B7="POP-SB",COUNTA(J7:M7)/4, IF(B7="POP-B",COUNTA(J7:M7)/2, COUNTA(J7:M7)/1)) -> 1 | Q7: =IF(P7=100%,"SELESAI","BELUM") -> SELESAI | T7: TRUE | U7: ALMAHYRA DIAN KURNIA | W7: WP142026024886 | X7: TRUE | Y7: 07 POP_1BKL002_BANGKALAN GI SHELTER PLN - tahap1.docx
A8: 8 | B8: POP-B | C8: POP_1BYW005_BANYUWANGI GI SHELTER PLN | D8: POP_1BYW005 | E8: JEMBER | F8: JEMBER | G8: -8.18938261132643, 114.355989527729 | H8: BANYUWANGI | I8: PT. TRI PUTRA TRANSINDO | J8: 46048 | K8: 46217 | P8: =IF(B8="POP-SB",COUNTA(J8:M8)/4, IF(B8="POP-B",COUNTA(J8:M8)/2, COUNTA(J8:M8)/1)) -> 1 | Q8: =IF(P8=100%,"SELESAI","BELUM") -> SELESAI | T8: TRUE | U8: TRI PUTRA TRANSINDO | W8: WP142026014022 WP142026072387 | X8: FALSE
A9: 9 | B9: POP-B | C9: POP_1SBY012_DARMO GRAND GI SHELTER PLN | D9: POP_1SBY012 | E9: SURABAYA | F9: SURABAYA | G9: -7.28820411475084, 112.674534159468 | H9: SURABAYA | I9: PT. ALMAHYRA DIAN KURNIA | J9: 46114 | K9: 46234 | P9: =IF(B9="POP-SB",COUNTA(J9:M9)/4, IF(B9="POP-B",COUNTA(J9:M9)/2, COUNTA(J9:M9)/1)) -> 1 | Q9: =IF(P9=100%,"SELESAI","BELUM") -> SELESAI | T9: TRUE | U9: ALMAHYRA DIAN KURNIA | W9: WP142026040326 | X9: FALSE
A10: 10 | B10: POP-B | C10: POP_1SBY011_DISJATIM PLN | D10: POP_1SBY011 | E10: SURABAYA | F10: SURABAYA | G10: -7.26523576444187, 112.743344169396 | H10: SURABAYA | I10: PT. ALMAHYRA DIAN KURNIA | J10: 46148 | K10: 46209 | P10: =IF(B10="POP-SB",COUNTA(J10:M10)/4, IF(B10="POP-B",COUNTA(J10:M10)/2, COUNTA(J10:M10)/1)) -> 1 | Q10: =IF(P10=100%,"SELESAI","BELUM") -> SELESAI | T10: TRUE | U10: ALMAHYRA DIAN KURNIA | W10: WP142026050706 WP142026070917 | X10: TRUE | Y10: PM FOT POP DISJATIM.docx
A11: 11 | B11: POP-B | C11: POP_1PSN003_GONDANGWETAN GI SHELTER PLN | D11: POP_1PSN003 | E11: MALANG | F11: MALANG | G11: -7.69585127536913, 112.877746109631 | H11: PROBOLINGGO | I11: PT. TRI PUTRA TRANSINDO | J11: 46030 | K11: 46231 | P11: =IF(B11="POP-SB",COUNTA(J11:M11)/4, IF(B11="POP-B",COUNTA(J11:M11)/2, COUNTA(J11:M11)/1)) -> 1 | Q11: =IF(P11=100%,"SELESAI","BELUM") -> SELESAI | T11: TRUE | U11: ADYWIANSA | W11: WP142026031388 WP142026075071 | X11: FALSE
A12: 12 | B12: POP-B | C12: POP_1PSR001_GRATI GITET PLC PLN | D12: POP_1PSR001 | E12: MALANG | F12: MALANG | G12: -7.65312662130207, 113.022370817066 | H12: PROBOLINGGO | I12: PT. TRI PUTRA TRANSINDO | J12: 46031 | K12: 46267 | P12: =IF(B12="POP-SB",COUNTA(J12:M12)/4, IF(B12="POP-B",COUNTA(J12:M12)/2, COUNTA(J12:M12)/1)) -> 1 | Q12: =IF(P12=100%,"SELESAI","BELUM") -> SELESAI | T12: TRUE | U12: ADYWIANSA | W12: WP142026011392,WP142026090727 | X12: TRUE | Y12: PM FOT POP_1PSR001_GRATI GITET PLC PLN (WP142026011392).pdf
A13: 13 | B13: POP-B | C13: POP_1GSK002_GRESIK GITET PLC PLN | D13: POP_1GSK002 | E13: SURABAYA | F13: SURABAYA | G13: -7.16564571238592, 112.66003806429 | H13: GRESIK | I13: PT. GERBANG SINERGI PRIMA | J13: 46141 | K13: 46280 | P13: =IF(B13="POP-SB",COUNTA(J13:M13)/4, IF(B13="POP-B",COUNTA(J13:M13)/2, COUNTA(J13:M13)/1)) -> 1 | Q13: =IF(P13=100%,"SELESAI","BELUM") -> SELESAI | T13: TRUE | U13: ADYWIANSA | W13: WP142026045196 | X13: TRUE | Y13: WP142026045196 POP_1GSK002_GRESIK GITET PLC PLN.pdf
A14: 14 | B14: POP-B | C14: POP_1JMR001_JEMBER GI SHELTER PLN | D14: POP_1JMR001 | E14: JEMBER | F14: JEMBER | G14: -8.191963716419872, 113.69847235453312 | H14: JEMBER | I14: PT. TRI PUTRA TRANSINDO | J14: 46050 | K14: 46199 | P14: =IF(B14="POP-SB",COUNTA(J14:M14)/4, IF(B14="POP-B",COUNTA(J14:M14)/2, COUNTA(J14:M14)/1)) -> 1 | Q14: =IF(P14=100%,"SELESAI","BELUM") -> SELESAI | T14: TRUE | U14: TRI PUTRA TRANSINDO | W14: WP142026064371 | X14: FALSE
A15: 15 | B15: POP-B | C15: POP_1MLG009 KEBON AGUNG GI SHELTER PLN | D15: POP_1MLG009 | E15: MALANG | F15: MALANG | G15: -8.02207237310042, 112.61757546558 | H15: MALANG | I15: PT. GERBANG SINERGI PRIMA | J15: 46085 | K15: 46120 | P15: =IF(B15="POP-SB",COUNTA(J15:M15)/4, IF(B15="POP-B",COUNTA(J15:M15)/2, COUNTA(J15:M15)/1)) -> 1 | Q15: =IF(P15=100%,"SELESAI","BELUM") -> SELESAI | T15: TRUE | U15: ADYWIANSA | W15: WP142026030538 | X15: TRUE | Y15: PM SHELTER GI KEBON AGUNG(WP142026030538) 04-03-2026.pdf
A16: 16 | B16: POP-B | C16: POP_1MJK001_KRIAN GITET SHELTER PLN | D16: POP_1MJK001 | E16: SURABAYA | F16: SURABAYA | G16: -7.34595063753409, 112.60352891752 | H16: GRESIK | I16: PT. GERBANG SINERGI PRIMA | J16: 46126 | K16: 46204 | P16: =IF(B16="POP-SB",COUNTA(J16:M16)/4, IF(B16="POP-B",COUNTA(J16:M16)/2, COUNTA(J16:M16)/1)) -> 1 | Q16: =IF(P16=100%,"SELESAI","BELUM") -> SELESAI | T16: TRUE | U16: GERBANG SINERGI PRIMA | W16: WP142026042354 WP142026070178 | X16: TRUE | Y16: BA PM POP_PM FOT POP_1MJK001_KRIAN GITET SHELTER PLN_260414.docx
A17: 17 | B17: POP-B | C17: POP_1KPN016_LAWANG GI SHELTER PLN | D17: POP_1KPN016 | E17: MALANG | F17: MALANG | G17: -7.84958698561258, 112.690446737398 | H17: MALANG | I17: PT. GERBANG SINERGI PRIMA | J17: 46092 | K17: 46204 | P17: =IF(B17="POP-SB",COUNTA(J17:M17)/4, IF(B17="POP-B",COUNTA(J17:M17)/2, COUNTA(J17:M17)/1)) -> 1 | Q17: =IF(P17=100%,"SELESAI","BELUM") -> SELESAI | T17: TRUE | U17: ADYWIANSA | W17: WP142026031840 WP142026070173 | X17: TRUE | Y17: BA PM POP_WP142026060957 PM FOT POP_1KPN016_LAWANG GI SHELTER PLN_260606.docx
A18: 18 | B18: POP-B | C18: POP_1LMJ001_LUMAJANG GI SHELTER PLN | D18: POP_1LMJ001 | E18: JEMBER | F18: JEMBER | G18: -8.12855283840885, 113.21326728596 | H18: JEMBER | I18: PT. TRI PUTRA TRANSINDO | J18: 46083 | K18: 46217 | P18: =IF(B18="POP-SB",COUNTA(J18:M18)/4, IF(B18="POP-B",COUNTA(J18:M18)/2, COUNTA(J18:M18)/1)) -> 1 | Q18: SELESAI | T18: TRUE | U18: ADYWIANSA | W18: WP142026030244 WP142026063202 WP142026072561 | X18: TRUE | Y18: WP142026030244 POP_1LMJ001_LUMAJANG GI SHELTER PLN.pdf
A19: 19 | B19: POP-B | C19: POP_1MAD004_MANISREJO GI SHELTER PLN | D19: POP_1MAD004 | E19: MADIUN | F19: MADIUN | G19: -7.64053456465714, 111.547617405501 | H19: MADIUN | I19: PT. CIPTA KARYA TEKNOLOGI | J19: 46129 | K19: 46220 | P19: =IF(B19="POP-SB",COUNTA(J19:M19)/4, IF(B19="POP-B",COUNTA(J19:M19)/2, COUNTA(J19:M19)/1)) -> 1 | Q19: =IF(P19=100%,"SELESAI","BELUM") -> SELESAI | T19: TRUE | U19: CIPTA KARYA TEKNOLOGI | W19: WP142026042809 WP142026073262 | X19: TRUE | Y19: PM POP 17 APRIL 2026 WP142026042809 PM FOT POP SHELTER GI MANISREJO.docx
A20: 20 | B20: POP-B | C20: POP_1JBG001_MOJOAGUNG GI SHELTER PLN | D20: POP_1JBG001 | E20: SURABAYA | F20: SURABAYA | G20: -7.59111295221603, 112.344126177698 | H20: MOJOKERTO | I20: PT. INFRATECH INDONESIA | J20: 46127 | K20: 46218 | P20: =IF(B20="POP-SB",COUNTA(J20:M20)/4, IF(B20="POP-B",COUNTA(J20:M20)/2, COUNTA(J20:M20)/1)) -> 1 | Q20: =IF(P20=100%,"SELESAI","BELUM") -> SELESAI | S20: Genset gagal nyala | T20: TRUE | U20: ADYWIANSA | W20: WP142026042565 | X20: TRUE | Y20: WP142026042565 PM FOT POP_ Icon+ GI Mojoagung Shelter.pdf
A21: 21 | B21: POP-B | C21: POP_1KRS001_PAITON GITET GI SHELTER PLN | D21: POP_1KRS001 | E21: JEMBER | F21: JEMBER | G21: -7.71826038025601, 113.582425391645 | H21: PROBOLINGGO | I21: PT. TRI PUTRA TRANSINDO | J21: 46123 | K21: 46216 | P21: =IF(B21="POP-SB",COUNTA(J21:M21)/4, IF(B21="POP-B",COUNTA(J21:M21)/2, COUNTA(J21:M21)/1)) -> 1 | Q21: =IF(P21=100%,"SELESAI","BELUM") -> SELESAI | T21: TRUE | U21: TRI PUTRA TRANSINDO | W21: WP142026041879 WP142026072321 | X21: FALSE
A22: 22 | B22: POP-B | C22: POP_1KRS002_PAITON GITET PLC PLN | D22: POP_1KRS002 | E22: JEMBER | F22: JEMBER | G22: -7.71837732823069, 113.582560797282 | H22: PROBOLINGGO | I22: PT. TRI PUTRA TRANSINDO | J22: 46123 | K22: 46276 | P22: =IF(B22="POP-SB",COUNTA(J22:M22)/4, IF(B22="POP-B",COUNTA(J22:M22)/2, COUNTA(J22:M22)/1)) -> 1 | Q22: =IF(P22=100%,"SELESAI","BELUM") -> SELESAI | T22: TRUE | U22: TRI PUTRA TRANSINDO | W22: WP142026041881 | X22: TRUE | Y22: WP142026041881_Form PM POP & OLT 2026_PM FOT POP_1KRS1002_PAITON GITET PLC PLN.pdf
A23: 23 | B23: POP-B | C23: POP_1PSR003_PASURUAN REPEATER SHELTER | D23: POP_1PSR003 | E23: MALANG | F23: MALANG | G23: -7.71017314638354, 112.818167005142 | H23: PROBOLINGGO | I23: PT. TRI PUTRA TRANSINDO | J23: 46124 | K23: 46279 | P23: =IF(B23="POP-SB",COUNTA(J23:M23)/4, IF(B23="POP-B",COUNTA(J23:M23)/2, COUNTA(J23:M23)/1)) -> 1 | Q23: =IF(P23=100%,"SELESAI","BELUM") -> SELESAI | T23: TRUE | U23: INTERNAL KP MALANG | W23: INTERNAL | X23: FALSE
A24: 24 | B24: POP-B | C24: POP_1PBL001_PROBOLINGGO GI SHELTER PLN | D24: POP_1PBL001 | E24: JEMBER | F24: JEMBER | G24: -7.76396238970593, 113.213452543861 | H24: PROBOLINGGO | I24: PT. TRI PUTRA TRANSINDO | J24: 46048 | K24: 46126 | P24: =IF(B24="POP-SB",COUNTA(J24:M24)/4, IF(B24="POP-B",COUNTA(J24:M24)/2, COUNTA(J24:M24)/1)) -> 1 | Q24: =IF(P24=100%,"SELESAI","BELUM") -> SELESAI | T24: TRUE | U24: TRI PUTRA TRANSINDO | V24: PRBKNG-TPT-MBL01_SUCIANTO | W24: WP142026014270 | X24: TRUE | Y24: WP142026024869 PM FOT SHELTER GI PROBOLINGGO.pdf
A25: 25 | B25: POP-B | C25: POP_1SBY023 RUNGKUT GI SHELTER PLN | D25: POP_1SBY023 | E25: SURABAYA | F25: SURABAYA | G25: -7.34147699998977, 112.747114 | H25: SURABAYA | I25: PT. ALMAHYRA DIAN KURNIA | J25: 46148 | K25: 46242 | P25: =IF(B25="POP-SB",COUNTA(J25:M25)/4, IF(B25="POP-B",COUNTA(J25:M25)/2, COUNTA(J25:M25)/1)) -> 1 | Q25: =IF(P25=100%,"SELESAI","BELUM") -> SELESAI | T25: TRUE | U25: INTERNAL KP SURABAYA | W25: INTERNAL | X25: FALSE
A26: 26 | B26: POP-B | C26: POP_1SBY020_SAWAHAN GI SHELTER PLN | D26: POP_1SBY020 | E26: SURABAYA | F26: SURABAYA | G26: -7.25497934045857, 112.712825326868 | H26: SURABAYA | I26: PT. ALMAHYRA DIAN KURNIA | J26: 46149 | K26: 46234 | P26: =IF(B26="POP-SB",COUNTA(J26:M26)/4, IF(B26="POP-B",COUNTA(J26:M26)/2, COUNTA(J26:M26)/1)) -> 1 | Q26: =IF(P26=100%,"SELESAI","BELUM") -> SELESAI | S26: Bocor Pipa BBM | T26: TRUE | U26: ALMAHYRA DIAN KURNIA | X26: TRUE | Y26: PM FOT POP Shelter Sawahan.docx
A27: 27 | B27: POP-B | C27: POP_1SIT001_SITUBONDO GI SHELTER PLN | D27: POP_1SIT001 | E27: JEMBER | F27: JEMBER | G27: -7.71743925283533, 114.01820809892224 | H27: SITUBONDO | I27: PT. TRI PUTRA TRANSINDO | J27: 46036 | K27: 46227 | P27: =IF(B27="POP-SB",COUNTA(J27:M27)/4, IF(B27="POP-B",COUNTA(J27:M27)/2, COUNTA(J27:M27)/1)) -> 1 | Q27: SELESAI | T27: TRUE | U27: TRI PUTRA TRANSINDO | W27: WP142026012085 WP142026063031 WP142026074347 | X27: TRUE | Y27: WP142026054063 POP_1SIT001_SITUBONDO GI SHELTER PLN.pdf
A28: 28 | B28: POP-B | C28: POP_1TLG001_TULUNGAGUNG GI SHELTER PLN | D28: POP_1TLG001 | E28: MADIUN | F28: MADIUN | G28: -8.05891094083723, 111.916788237733 | H28: TRENGGALEK | I28: PT. CIPTA KARYA TEKNOLOGI | J28: 46134 | K28: 46195 | P28: =IF(B28="POP-SB",COUNTA(J28:M28)/4, IF(B28="POP-B",COUNTA(J28:M28)/2, COUNTA(J28:M28)/1)) -> 1 | Q28: =IF(P28=100%,"SELESAI","BELUM") -> SELESAI | T28: TRUE | U28: CIPTA KARYA TEKNOLOGI | W28: WP142026043736 WP142026063529 | X28: TRUE | Y28: 22 JUNI PM FOT POP_1TLG00001_GI Shelter Tulungagung.docx
A29: 29 | B29: POP-D | C29: POP_1PSR005_UDIKLAT PANDAAN PLN | D29: POP_1PSR005 | E29: MALANG | F29: MALANG | G29: -7.679876113400412, 112.7053129385984 | H29: MALANG | I29: PT. GERBANG SINERGI PRIMA | J29: 46125 | P29: =IF(B29="POP-SB",COUNTA(J29:M29)/4, IF(B29="POP-B",COUNTA(J29:M29)/2, COUNTA(J29:M29)/1)) -> 1 | Q29: =IF(P29=100%,"SELESAI","BELUM") -> SELESAI | T29: TRUE | U29: ADYWIANSA | W29: WP142026042141 | X29: TRUE | Y29: WP142026042141 PM FOT POP_1PSR005 UDIKLAT PANDAAN.pdf
A30: 30 | B30: POP-B | C30: POP_1SDA001_WARU GI ACC PLN | D30: POP_1SDA001 | E30: SURABAYA | F30: SURABAYA | G30: -7.34851444754683, 112.707373083004 | H30: SIDOARJO | I30: PT. ALMAHYRA DIAN KURNIA | J30: 46149 | K30: 46177 | L30: 46280 | P30: =IF(B30="POP-SB",COUNTA(J30:M30)/4, IF(B30="POP-B",COUNTA(J30:M30)/2, COUNTA(J30:M30)/1)) -> 1.5 | Q30: SELESAI | T30: TRUE | U30: ALMAHYRA DIAN KURNIA | W30: WP142026060708 | X30: TRUE | Y30: PM FOT Waru GI ACC.pdf
A31: 31 | B31: POP-B | C31: POP_1SDA004_WARU GI SHELTER-02 PLN | D31: POP_1SDA004 | E31: SURABAYA | F31: SURABAYA | G31: -7.347449162080058, 112.70736514072611 | H31: SIDOARJO | I31: PT. ALMAHYRA DIAN KURNIA | J31: 46149 | K31: 46247 | P31: =IF(B31="POP-SB",COUNTA(J31:M31)/4, IF(B31="POP-B",COUNTA(J31:M31)/2, COUNTA(J31:M31)/1)) -> 1 | Q31: =IF(P31=100%,"SELESAI","BELUM") -> SELESAI | T31: TRUE | U31: ALMAHYRA DIAN KURNIA | W31: WP142026050940 | X31: TRUE | Y31: PM FOT POP Shelter 2 GI Waru.docx
A32: 32 | B32: POP-B | C32: POP_1SDA10027_WARU GI SHELTER-3 PLN | D32: POP_1SDA10027 | E32: SURABAYA | F32: SURABAYA | G32: -7.34743717511337, 112.70729835832864 | H32: SIDOARJO | I32: PT. ALMAHYRA DIAN KURNIA | J32: 46149 | K32: 46279 | P32: =IF(B32="POP-SB",COUNTA(J32:M32)/4, IF(B32="POP-B",COUNTA(J32:M32)/2, COUNTA(J32:M32)/1)) -> 1 | Q32: =IF(P32=100%,"SELESAI","BELUM") -> SELESAI | T32: TRUE | U32: ALMAHYRA DIAN KURNIA | W32: WP142026050950 | X32: TRUE | Y32: PM FOT POP Shelter 3 GI Waru.docx
A33: 33 | B33: POP-B | C33: POP_1SDA10124_WARU GI SHELTER-4 PLN | D33: POP_1SDA10124 | E33: SURABAYA | F33: SURABAYA | G33: -7.347419101355969, 112.70725252149515 | H33: SIDOARJO | I33: PT. ALMAHYRA DIAN KURNIA | J33: 46149 | K33: 46177 | P33: =IF(B33="POP-SB",COUNTA(J33:M33)/4, IF(B33="POP-B",COUNTA(J33:M33)/2, COUNTA(J33:M33)/1)) -> 1 | Q33: =IF(P33=100%,"SELESAI","BELUM") -> SELESAI | T33: TRUE | U33: ALMAHYRA DIAN KURNIA | W33: WP142026060718 | X33: TRUE | Y33: PM FOT POP_1SDA10124_WARU GI SHELTER-4 PLN.pdf
A34: 34 | B34: POP-B | C34: POP_1KNR002_WLINGI GI SHELTER PLN | D34: POP_1KNR002 | E34: MALANG | F34: MALANG | G34: -8.14288656849707, 112.246691111841 | H34: MALANG | I34: PT. GERBANG SINERGI PRIMA | J34: 46126 | K34: 46179 | P34: =IF(B34="POP-SB",COUNTA(J34:M34)/4, IF(B34="POP-B",COUNTA(J34:M34)/2, COUNTA(J34:M34)/1)) -> 1 | Q34: =IF(P34=100%,"SELESAI","BELUM") -> SELESAI | T34: TRUE | U34: ADYWIANSA | W34: WP142026042329 WP142026060960 | X34: TRUE | Y34: BA PM POP_WP142026060960 PM FOT POP_1KNR002 WLINGI GI SHELTER PLN_260606.docx
A35: 35 | B35: POP-D | C35: POP_1JMR10000_POP_1JMR008_AMBULU ULP MINI ODC PLN | D35: POP_1JMR10000 | E35: JEMBER | F35: JEMBER | G35: -8.344493289800726, 113.59735164693292 | H35: JEMBER | I35: PT. TRI PUTRA TRANSINDO | J35: 46143 | P35: =IF(B35="POP-SB",COUNTA(J35:M35)/4, IF(B35="POP-B",COUNTA(J35:M35)/2, COUNTA(J35:M35)/1)) -> 1 | Q35: =IF(P35=100%,"SELESAI","BELUM") -> SELESAI | T35: TRUE | U35: TRI PUTRA TRANSINDO | W35: WP142026050030 | X35: FALSE
A36: 36 | B36: POP-D | C36: POP_1MLG013_APARTEMEN BEGAWAN MINI ODC | D36: POP_1MLG013 | E36: MALANG | F36: MALANG | G36: -7.92706601512933, 112.602552443984 | H36: MALANG | I36: PT. GERBANG SINERGI PRIMA | J36: 46113 | P36: =IF(B36="POP-SB",COUNTA(J36:M36)/4, IF(B36="POP-B",COUNTA(J36:M36)/2, COUNTA(J36:M36)/1)) -> 1 | Q36: =IF(P36=100%,"SELESAI","BELUM") -> SELESAI | T36: TRUE | U36: ADYWIANSA | W36: WP142026040180 | X36: TRUE | Y36: WP142026040180 POP_1MLG013_APARTEMEN BEGAWAN MINI ODC.pdf
A37: 37 | B37: POP-D | C37: POP_1SIT004_ASEM BAGUS ULP R12U PLN | D37: POP_1SIT004 | E37: JEMBER | F37: SURABAYA | G37: -7.71690124499754, 114.018376336153 | H37: SITUBONDO | I37: PT. TRI PUTRA TRANSINDO | J37: Dismantle | P37: =IF(B37="POP-SB",COUNTA(J37:M37)/4, IF(B37="POP-B",COUNTA(J37:M37)/2, COUNTA(J37:M37)/1)) -> 1 | Q37: =IF(P37=100%,"SELESAI","BELUM") -> SELESAI | T37: TRUE | X37: FALSE
A38: 38 | B38: POP-D | C38: POP_1SDA10006_POP_1SDA018_BABADAN GI ODC PLN | D38: POP_1SDA10006 | E38: SURABAYA | F38: SURABAYA | G38: -7.388569539245516, 112.67584013534555 | H38: SIDOARJO | I38: PT. ALMAHYRA DIAN KURNIA | P38: =IF(B38="POP-SB",COUNTA(J38:M38)/4, IF(B38="POP-B",COUNTA(J38:M38)/2, COUNTA(J38:M38)/1)) -> 0 | Q38: =IF(P38=100%,"SELESAI","BELUM") -> BELUM | T38: FALSE | X38: FALSE
A39: 39 | B39: POP-D | C39: POP_1LMG006_BABAT ULP ODC 3 PINTU PLN | D39: POP_1LMG006 | E39: SURABAYA | F39: SURABAYA | G39: -7.10029932704948, 112.192230167347 | H39: GRESIK | I39: PT. GERBANG SINERGI PRIMA | P39: =IF(B39="POP-SB",COUNTA(J39:M39)/4, IF(B39="POP-B",COUNTA(J39:M39)/2, COUNTA(J39:M39)/1)) -> 0 | Q39: =IF(P39=100%,"SELESAI","BELUM") -> BELUM | T39: FALSE | X39: FALSE
A40: 40 | B40: POP-D | C40: POP_1MJK10034_BALAI DESA SEDURI MOJOSARI ODC | D40: POP_1MJK10034 | E40: SURABAYA | F40: SURABAYA | G40: -7.513895637484539, 112.55863665812367 | H40: MOJOKERTO | I40: PT. INFRATECH INDONESIA | J40: 46119 | P40: =IF(B40="POP-SB",COUNTA(J40:M40)/4, IF(B40="POP-B",COUNTA(J40:M40)/2, COUNTA(J40:M40)/1)) -> 1 | Q40: =IF(P40=100%,"SELESAI","BELUM") -> SELESAI | T40: TRUE | U40: ADYWIANSA | W40: WP142026041222 | X40: FALSE
A41: 41 | B41: POP-D | C41: POP_1SDA10121_BALONGBENDO GI ODC PLN | D41: POP_1SDA10121 | E41: SURABAYA | F41: SURABAYA | G41: -7.413126810044815, 112.55851885930613 | H41: SIDOARJO | I41: PT. ALMAHYRA DIAN KURNIA | J41: 46209 | P41: =IF(B41="POP-SB",COUNTA(J41:M41)/4, IF(B41="POP-B",COUNTA(J41:M41)/2, COUNTA(J41:M41)/1)) -> 1 | Q41: =IF(P41=100%,"SELESAI","BELUM") -> SELESAI | T41: TRUE | U41: ALMAHYRA DIAN KURNIA | W41: WP142026070994 | X41: FALSE
A42: 42 | B42: POP-D | C42: POP_1KDR001_BANARAN GI PLC PLN | D42: POP_1KDR001 | E42: MALANG | F42: MALANG | G42: -7.83661607382998, 112.03219648066 | H42: KEDIRI | I42: PT. INFRATECH INDONESIA | J42: 46204 | P42: =IF(B42="POP-SB",COUNTA(J42:M42)/4, IF(B42="POP-B",COUNTA(J42:M42)/2, COUNTA(J42:M42)/1)) -> 1 | Q42: =IF(P42=100%,"SELESAI","BELUM") -> SELESAI | T42: TRUE | U42: ADYWIANSA | W42: WP142026070145 | X42: FALSE
A43: 43 | B43: POP-D | C43: POP_1PSR002_BANGIL GI PLC PLN | D43: POP_1PSR002 | E43: MALANG | F43: MALANG | G43: -7.60414499278369, 112.776190159149 | H43: PROBOLINGGO | I43: PT. TRI PUTRA TRANSINDO | P43: =IF(B43="POP-SB",COUNTA(J43:M43)/4, IF(B43="POP-B",COUNTA(J43:M43)/2, COUNTA(J43:M43)/1)) -> 0 | Q43: =IF(P43=100%,"SELESAI","BELUM") -> BELUM | T43: FALSE | X43: FALSE
A44: 44 | B44: POP-D | C44: POP_1BKL001_BANGKALAN ULP PLN | D44: POP_1BKL001 | E44: SURABAYA | F44: SURABAYA | G44: -7.02669661394666, 112.749626553305 | H44: MADURA | I44: PT. ALMAHYRA DIAN KURNIA | P44: =IF(B44="POP-SB",COUNTA(J44:N44)/4, IF(B44="POP-B",COUNTA(J44:N44)/2, COUNTA(J44:N44)/1)) -> 0 | Q44: =IF(P44=100%,"SELESAI","BELUM") -> BELUM | T44: FALSE | X44: FALSE
A45: 45 | B45: POP-D | C45: POP_1BYW10000_BANYUWANGI UP3 ODC PLN | D45: POP_1BYW10000 | E45: JEMBER | F45: JEMBER | G45: -8.209671433622265, 114.37786406531268 | H45: BANYUWANGI | I45: PT. TRI PUTRA TRANSINDO | J45: 46054 | P45: =IF(B45="POP-SB",COUNTA(J45:M45)/4, IF(B45="POP-B",COUNTA(J45:M45)/2, COUNTA(J45:M45)/1)) -> 1 | Q45: =IF(P45=100%,"SELESAI","BELUM") -> SELESAI | T45: TRUE | U45: TRI PUTRA TRANSINDO | V45: BWIKBL-TPT-MBL01_ALFAN MA'ALIF | W45: WP142026012089 | X45: TRUE | Y45: WP142026041863_Form PM POP & OLT 2026_PM FOT POP_1BYW003_BANYUWANGI UP3 PLN.pdf
A46: 46 | B46: POP-D | C46: POP_1BYW003_BANYUWANGI UP3 PLN | D46: POP_1BYW003 | E46: JEMBER | F46: JEMBER | G46: -8.209852444697258, 114.37793865242378 | H46: BANYUWANGI | I46: PT. TRI PUTRA TRANSINDO | J46: 46036 | P46: =IF(B46="POP-SB",COUNTA(J46:M46)/4, IF(B46="POP-B",COUNTA(J46:M46)/2, COUNTA(J46:M46)/1)) -> 1 | Q46: =IF(P46=100%,"SELESAI","BELUM") -> SELESAI | T46: TRUE | U46: TRI PUTRA TRANSINDO | V46: BWIKBL-TPT-MBL01_ALFAN MA'ALIF | W46: WP142026012089 | X46: FALSE
A47: 47 | B47: POP-D | C47: POP_1BTU001_BATU ULP ODC-01 PLN | D47: POP_1BTU001 | E47: MALANG | F47: MALANG | G47: -7.86576917448012, 112.50943656919 | H47: MALANG | I47: PT. GERBANG SINERGI PRIMA | J47: 46078 | P47: =IF(B47="POP-SB",COUNTA(J47:M47)/4, IF(B47="POP-B",COUNTA(J47:M47)/2, COUNTA(J47:M47)/1)) -> 1 | Q47: =IF(P47=100%,"SELESAI","BELUM") -> SELESAI | T47: TRUE | U47: ADYWIANSA | W47: WP142026024564 | X47: TRUE | Y47: BA PM POP_PM FOT POP_1BTU001_BATU ULP ODC-01 PLN_260325.docx
A48: 48 | B48: POP-D | C48: POP_1BTU10001_BATU ULP ODC-02 PLN | D48: POP_1BTU10001 | E48: MALANG | F48: MALANG | G48: -7.865759859384443, 112.50936518650816 | H48: MALANG | I48: PT. GERBANG SINERGI PRIMA | J48: 46078 | P48: =IF(B48="POP-SB",COUNTA(J48:M48)/4, IF(B48="POP-B",COUNTA(J48:M48)/2, COUNTA(J48:M48)/1)) -> 1 | Q48: =IF(P48=100%,"SELESAI","BELUM") -> SELESAI | T48: TRUE | U48: ADYWIANSA | W48: WP142026024578 | X48: TRUE | Y48: BA PM POP_POP_1BTU10001_BATU ULP 2 ODC PLN_260325.docx
A49: 49 | B49: POP-D | C49: POP_1PMK006_BATUMARMAR ULP PLN | D49: POP_1PMK006 | E49: SURABAYA | F49: SURABAYA | G49: -6.90034584348776, 113.485282835076 | H49: MADURA | I49: PT. ALMAHYRA DIAN KURNIA | P49: =IF(B49="POP-SB",COUNTA(J49:M49)/4, IF(B49="POP-B",COUNTA(J49:M49)/2, COUNTA(J49:M49)/1)) -> 0 | Q49: =IF(P49=100%,"SELESAI","BELUM") -> BELUM | T49: FALSE | X49: FALSE
A50: 50 | B50: POP-D | C50: POP_1GSK003_BENJENG ULP MINI ODC | D50: POP_1GSK003 | E50: SURABAYA | F50: SURABAYA | G50: -7.26376763940672, 112.494885454818 | H50: GRESIK | I50: PT. GERBANG SINERGI PRIMA | J50: 46073 | P50: =IF(B50="POP-SB",COUNTA(J50:M50)/4, IF(B50="POP-B",COUNTA(J50:M50)/2, COUNTA(J50:M50)/1)) -> 1 | Q50: =IF(P50=100%,"SELESAI","BELUM") -> SELESAI | T50: TRUE | U50: GERBANG SINERGI PRIMA | W50: WP142026023636 | X50: TRUE | Y50: BA PM POP_pm mini odc benjeng_260220.docx
A51: 51 | B51: POP-D | C51: POP_1SIT003_BESUKI ULP PLN | D51: POP_1SIT003 | E51: JEMBER | F51: SURABAYA | G51: -7.73850059524207, 113.690757114765 | H51: SITUBONDO | I51: PT. TRI PUTRA TRANSINDO | J51: 46184 | P51: =IF(B51="POP-SB",COUNTA(J51:M51)/4, IF(B51="POP-B",COUNTA(J51:M51)/2, COUNTA(J51:M51)/1)) -> 1 | Q51: =IF(P51=100%,"SELESAI","BELUM") -> SELESAI | T51: TRUE | U51: TRI PUTRA TRANSINDO | W51: WP142026061906 | X51: TRUE | Y51: WP142026061906_Form PM POP & OLT 2026_PM POP_1SIT003_BESUKI ULP PLN ODC.pdf
A52: 52 | B52: POP-D | C52: POP_1KNR009_BINANGUN KANTOR CAMAT MINI ODC | D52: POP_1KNR009 | E52: MALANG | F52: MALANG | G52: -8.23397906131402, 112.33436291791 | H52: KEDIRI | I52: PT. INFRATECH INDONESIA | P52: =IF(B52="POP-SB",COUNTA(J52:M52)/4, IF(B52="POP-B",COUNTA(J52:M52)/2, COUNTA(J52:M52)/1)) -> 0 | Q52: =IF(P52=100%,"SELESAI","BELUM") -> BELUM | T52: FALSE | X52: FALSE
A53: 53 | B53: POP-D | C53: POP_1MLG10012_BLIMBING GI ODC PLN | D53: POP_1MLG10012 | E53: MALANG | F53: MALANG | G53: -7.939173275441483, 112.64235798825925 | H53: MALANG | I53: PT. GERBANG SINERGI PRIMA | J53: 46134 | K53: 46209 | P53: =IF(B53="POP-SB",COUNTA(J53:M53)/4, IF(B53="POP-B",COUNTA(J53:M53)/2, COUNTA(J53)/1)) -> 1 | Q53: SELESAI | T53: TRUE | U53: ADYWIANSA | W53: WP142026043721 WP142026070995 | X53: TRUE | Y53: WP142026043721 PM FOT POP_1MLG10012_BLIMBING GI ODC PLN.pdf
A54: 54 | B54: POP-D | C54: POP_1KPN011_BLIMBING ULP MINI ODC PLN | D54: POP_1KPN011 | E54: MALANG | F54: MALANG | G54: -7.95068000202214, 112.66806852098 | H54: MALANG | I54: PT. GERBANG SINERGI PRIMA | J54: 46132 | P54: =IF(B54="POP-SB",COUNTA(J54:M54)/4, IF(B54="POP-B",COUNTA(J54:M54)/2, COUNTA(J54:M54)/1)) -> 1 | Q54: =IF(P54=100%,"SELESAI","BELUM") -> SELESAI | T54: TRUE | U54: ADYWIANSA | W54: WP142026043285 | X54: TRUE | Y54: WP142026043285 POP_1KPN011_BLIMBING ULP MINI ODC PLN.pdf
A55: 55 | B55: POP-D | C55: POP_1BLT10002_BLITAR GI ODC PLN | D55: POP_1BLT10002 | E55: MALANG | F55: MALANG | G55: -8.073020304177984, 112.18596932944776 | H55: KEDIRI | I55: PT. INFRATECH INDONESIA | J55: 46072 | K55: 46230 | P55: =IF(B55="POP-SB",COUNTA(J55:M55)/4, IF(B55="POP-B",COUNTA(J55:M55)/2, COUNTA(J55)/1)) -> 1 | Q55: =IF(P55=100%,"SELESAI","BELUM") -> SELESAI | T55: TRUE | U55: ADYWIANSA | W55: WP142026023471 WP142026074892 | X55: TRUE | Y55: WP142026023471 PM POP_1BLT10002_BLITAR GI ODC PLN.pdf
A56: 56 | B56: POP-D | C56: POP_1BLT10001_BLITAR ULP ODC 3 CABIN PLN | D56: POP_1BLT10001 | E56: MALANG | F56: MALANG | G56: -8.099334210587024, 112.17184319598535 | H56: KEDIRI | I56: PT. INFRATECH INDONESIA | P56: =IF(B56="POP-SB",COUNTA(J56:M56)/4, IF(B56="POP-B",COUNTA(J56:M56)/2, COUNTA(J56:M56)/1)) -> 0 | Q56: =IF(P56=100%,"SELESAI","BELUM") -> BELUM | T56: FALSE | X56: FALSE
A57: 57 | B57: POP-D | C57: POP_1BJN003_BOJONEGORO UP3 PLN | D57: POP_1BJN003 | E57: MADIUN | F57: MADIUN | G57: -7.15308230158339, 111.891034162357 | H57: TUBAN | I57: PT. INFRATECH INDONESIA | P57: =IF(B57="POP-SB",COUNTA(J57:M57)/4, IF(B57="POP-B",COUNTA(J57:M57)/2, COUNTA(J57:M57)/1)) -> 0 | Q57: =IF(P57=100%,"SELESAI","BELUM") -> BELUM | T57: FALSE | X57: FALSE
A58: 58 | B58: POP-D | C58: POP_1BDW10000_BONDOWOSO GI ODC PLN | D58: POP_1BDW10000 | E58: JEMBER | F58: JEMBER | G58: -7.9372913289990095, 113.83334508090014 | H58: SITUBONDO | I58: PT. TRI PUTRA TRANSINDO | J58: 46047 | P58: =IF(B58="POP-SB",COUNTA(J58:M58)/4, IF(B58="POP-B",COUNTA(J58:M58)/2, COUNTA(J58:M58)/1)) -> 1 | Q58: =IF(P58=100%,"SELESAI","BELUM") -> SELESAI | T58: TRUE | U58: TRI PUTRA TRANSINDO | W58: WP142026013911 | X58: FALSE
A59: 59 | B59: POP-D | C59: POP_1BDW001_BONDOWOSO ULP PLN ODC | D59: POP_1BDW001 | E59: JEMBER | F59: JEMBER | G59: -7.9175474, 113.8292850 | H59: SITUBONDO | I59: PT. TRI PUTRA TRANSINDO | J59: 46100 | P59: =IF(B59="POP-SB",COUNTA(J59:M59)/4, IF(B59="POP-B",COUNTA(J59:M59)/2, COUNTA(J59:M59)/1)) -> 1 | Q59: =IF(P59=100%,"SELESAI","BELUM") -> SELESAI | T59: TRUE | U59: TRI PUTRA TRANSINDO | W59: WP142026033044 | X59: TRUE | Y59: WP142026033044_Form PM POP & OLT 2026_ PM FOT ODC POP_1BDW001 UPJ BONDOWOSO.pdf
A60: 60 | B60: POP-D | C60: POP_1LMG001_BRONDONG ULP PLN | D60: POP_1LMG001 | E60: SURABAYA | F60: SURABAYA | G60: -6.926371, 112.320554 | H60: GRESIK | I60: PT. GERBANG SINERGI PRIMA | P60: =IF(B60="POP-SB",COUNTA(J60:M60)/4, IF(B60="POP-B",COUNTA(J60:M60)/2, COUNTA(J60:M60)/1)) -> 0 | Q60: =IF(P60=100%,"SELESAI","BELUM") -> BELUM | T60: FALSE | X60: FALSE
A61: 61 | B61: POP-D | C61: POP_1SDA10028_BUDURAN GI ODC 3 PINTU PLN | D61: POP_1SDA10028 | E61: SURABAYA | F61: SURABAYA | G61: -7.423382641605813, 112.7209986588955 | H61: SIDOARJO | I61: PT. ALMAHYRA DIAN KURNIA | J61: 46239 | P61: =IF(B61="POP-SB",COUNTA(J61:M61)/4, IF(B61="POP-B",COUNTA(J61:M61)/2, COUNTA(J61:M61)/1)) -> 1 | Q61: =IF(P61=100%,"SELESAI","BELUM") -> SELESAI | S61: PLN OFF Gagal , Pintu masih terdetect Open,Batt not backup | T61: TRUE | U61: ALMAHYRA DIAN KURNIA | W61: WP142026080699 | X61: FALSE
A62: 62 | B62: POP-D | C62: POP_1TLG10005_CAMPUR DARAT ULP ODC PLN | D62: POP_1TLG10005 | E62: MADIUN | F62: MADIUN | G62: -8.162931362908541, 111.8566146530671 | H62: TRENGGALEK | I62: PT. CIPTA KARYA TEKNOLOGI | J62: 46132 | P62: =IF(B62="POP-SB",COUNTA(J62:M62)/4, IF(B62="POP-B",COUNTA(J62:M62)/2, COUNTA(J62:M62)/1)) -> 1 | Q62: =IF(P62=100%,"SELESAI","BELUM") -> SELESAI | T62: TRUE | U62: CIPTA KARYA TEKNOLOGI | W62: WP142026043271 | X62: TRUE | Y62: PM POP 20 APRIL 2026 WP142026043271 PM FOT POP_1TLG005_CAMPURDARAT ULP ODC PLN.docx
A63: 63 | B63: POP-D | C63: POP_1MJY001_CARUBAN ULP ODC PLN | D63: POP_1MJY001 | E63: MADIUN | F63: MADIUN | G63: -7.54932508118097, 111.63825442454 | H63: MADIUN | I63: PT. CIPTA KARYA TEKNOLOGI | P63: =IF(B63="POP-SB",COUNTA(J63:M63)/4, IF(B63="POP-B",COUNTA(J63:M63)/2, COUNTA(J63:M63)/1)) -> 0 | Q63: =IF(P63=100%,"SELESAI","BELUM") -> BELUM | T63: FALSE | X63: FALSE
A64: 64 | B64: POP-D | C64: POP_1GSK10065_CERME GI ODC PLN | D64: POP_1GSK10065 | E64: SURABAYA | F64: SURABAYA | G64: -7.1826956219356815, 112.57838936995826 | H64: GRESIK | I64: PT. GERBANG SINERGI PRIMA | J64: 46141 | K64: 46209 | P64: =IF(B64="POP-SB",COUNTA(J64:M64)/4, IF(B64="POP-B",COUNTA(J64:M64)/2, COUNTA(J64)/1)) -> 1 | Q64: =IF(P64=100%,"SELESAI","BELUM") -> SELESAI | T64: TRUE | U64: ADYWIANSA | W64: WP142026045181 WP142026071035 | X64: TRUE | Y64: WP142026045181 POP_1GSK10065_CERME GI ODC PLN.pdf
A65: 65 | B65: POP-D | C65: POP_1JMR10020_CLUSTER PUGER KULON-PUGER-JEMBER ODC | D65: POP_1JMR10020 | E65: JEMBER | F65: JEMBER | G65: -8.371394492018112, 113.47808775313824 | H65: JEMBER | I65: PT. TRI PUTRA TRANSINDO | J65: 46054 | P65: =IF(B65="POP-SB",COUNTA(J65:M65)/4, IF(B65="POP-B",COUNTA(J65:M65)/2, COUNTA(J65:M65)/1)) -> 1 | Q65: =IF(P65=100%,"SELESAI","BELUM") -> SELESAI | T65: TRUE | U65: TRI PUTRA TRANSINDO | V65: JMBTGL-TPT-MBL01_AGUS RIYANTO | W65: WP142026015061 | X65: FALSE
A66: 66 | B66: POP-D | C66: POP_1SDA10045_CLUSTER PURI MAHARANI SIDOARJO ODC | D66: POP_1SDA10045 | E66: SURABAYA | F66: SURABAYA | G66: -7.382081635618519, 112.70463699417162 | H66: SIDOARJO | I66: PT. ALMAHYRA DIAN KURNIA | J66: 46056 | P66: =IF(B66="POP-SB",COUNTA(J66:M66)/4, IF(B66="POP-B",COUNTA(J66:M66)/2, COUNTA(J66:M66)/1)) -> 1 | Q66: =IF(P66=100%,"SELESAI","BELUM") -> SELESAI | T66: TRUE | U66: ALMAHYRA DIAN KURNIA | W66: WP142026020494 | X66: TRUE | Y66: PM FOT POP_1SDA10045_CLUSTER PURI MAHARANI SIDOARJO ODC.pdf
A67: 67 | B67: POP-D | C67: POP_1KPN002_DAMPIT ULP PLN | D67: POP_1KPN002 | E67: MALANG | F67: MALANG | G67: -8.21385644354655, 112.755755101205 | H67: MALANG | I67: PT. GERBANG SINERGI PRIMA | J67: 46195 | P67: =IF(B67="POP-SB",COUNTA(J67:M67)/4, IF(B67="POP-B",COUNTA(J67:M67)/2, COUNTA(J67:M67)/1)) -> 1 | Q67: =IF(P67=100%,"SELESAI","BELUM") -> SELESAI | T67: TRUE | U67: ADYWIANSA | W67: WP142026063581 | X67: TRUE | Y67: WP142026063581 PM FOT POP_1KPN002_DAMPIT ULP PLN.pdf
A68: 68 | B68: POP-D | C68: POP_1SBY008_DARMO PERMAI ULP R12U PLN | D68: POP_1SBY008 | E68: SURABAYA | F68: SURABAYA | G68: -7.27559298574615, 112.684096690961 | H68: SURABAYA | I68: PT. ALMAHYRA DIAN KURNIA | J68: 46084 | P68: =IF(B68="POP-SB",COUNTA(J68:M68)/4, IF(B68="POP-B",COUNTA(J68:M68)/2, COUNTA(J68:M68)/1)) -> 1 | Q68: =IF(P68=100%,"SELESAI","BELUM") -> SELESAI | T68: TRUE | U68: ALMAHYRA DIAN KURNIA | W68: WP142026032426 | X68: TRUE | Y68: PM FOC POP ULP Darmo Room.pdf
A69: 69 | B69: POP-D | C69: POP_1KRS10024_DCC LECES PLN | D69: POP_1KRS10024 | E69: JEMBER | F69: JEMBER | G69: -7.847964081007733, 113.22867026256557 | H69: PROBOLINGGO | I69: PT. TRI PUTRA TRANSINDO | J69: 46144 | P69: =IF(B69="POP-SB",COUNTA(J69:M69)/4, IF(B69="POP-B",COUNTA(J69:M69)/2, COUNTA(J69:M69)/1)) -> 1 | Q69: =IF(P69=100%,"SELESAI","BELUM") -> SELESAI | T69: TRUE | U69: TRI PUTRA TRANSINDO | W69: WP142026050101 | X69: FALSE
A70: 70 | B70: POP-D | C70: POP_1TBN011_DESA BANCAR MINI ODC | D70: POP_1TBN011 | E70: MADIUN | F70: MADIUN | G70: -6.78324123279486, 111.781644536236 | H70: TUBAN | I70: PT. CIPTA KARYA TEKNOLOGI | J70: 46307 | P70: =IF(B70="POP-SB",COUNTA(J70:M70)/4, IF(B70="POP-B",COUNTA(J70:M70)/2, COUNTA(J70:M70)/1)) -> 1 | Q70: =IF(P70=100%,"SELESAI","BELUM") -> SELESAI | T70: TRUE | X70: FALSE
A71: 71 | B71: POP-D | C71: POP_1KDR10005_DESA DAWUHAN KIDUL KEDIRI MINI POP | D71: POP_1KDR10005 | E71: MALANG | F71: MALANG | G71: -7.71721325636396, 112.08785260719061 | H71: KEDIRI | I71: PT. INFRATECH INDONESIA | J71: 46099 | P71: =IF(B71="POP-SB",COUNTA(J71:M71)/4, IF(B71="POP-B",COUNTA(J71:M71)/2, COUNTA(J71:M71)/1)) -> 1 | Q71: =IF(P71=100%,"SELESAI","BELUM") -> SELESAI | T71: TRUE | U71: ADYWIANSA | W71: WP142026032952 | X71: TRUE | Y71: WP142026032952 POP_1KDR10005_DESA DAWUHAN KIDUL KEDIRI MINI POP.pdf
A72: 72 | B72: POP-D | C72: POP_1TBN008_DESA GADON MINI ODC | D72: POP_1TBN008 | E72: MADIUN | F72: MADIUN | G72: -6.80212613392191, 111.832270813566 | H72: TUBAN | I72: PT. CIPTA KARYA TEKNOLOGI | J72: 46313 | P72: =IF(B72="POP-SB",COUNTA(J72:M72)/4, IF(B72="POP-B",COUNTA(J72:M72)/2, COUNTA(J72:M72)/1)) -> 1 | Q72: =IF(P72=100%,"SELESAI","BELUM") -> SELESAI | T72: TRUE | U72: INFRATECH | W72: WP142026104303 | X72: FALSE
A73: 73 | B73: POP-D | C73: POP_1SDA10015_DESA JANTI SIDOARJO MINI POP | D73: POP_1SDA10015 | E73: SURABAYA | F73: SURABAYA | G73: -7.352030307413409, 112.73375868220901 | H73: SIDOARJO | I73: PT. ALMAHYRA DIAN KURNIA | J73: 46061 | P73: =IF(B73="POP-SB",COUNTA(J73:M73)/4, IF(B73="POP-B",COUNTA(J73:M73)/2, COUNTA(J73:M73)/1)) -> 1 | Q73: =IF(P73=100%,"SELESAI","BELUM") -> SELESAI | T73: TRUE | U73: ALMAHYRA DIAN KURNIA | W73: WP142026021281 | X73: TRUE | Y73: PM FOT POP_1SDA10015_DESA JANTI SIDOARJO MINI POP.pdf
A74: 74 | B74: POP-D | C74: POP_1TBN010_DESA JENGGOLO MINI ODC | D74: POP_1TBN010 | E74: MADIUN | F74: MADIUN | G74: -6.8303797958504, 112.000683642418 | H74: TUBAN | I74: PT. CIPTA KARYA TEKNOLOGI | J74: 46312 | P74: =IF(B74="POP-SB",COUNTA(J74:M74)/4, IF(B74="POP-B",COUNTA(J74:M74)/2, COUNTA(J74:M74)/1)) -> 1 | Q74: =IF(P74=100%,"SELESAI","BELUM") -> SELESAI | T74: TRUE | U74: INFRATECH | W74: WP142026104157 | X74: FALSE
A75: 75 | B75: POP-D | C75: POP_1BYW001_DESA KETAPANG MINI ODC | D75: POP_1BYW001 | E75: JEMBER | F75: JEMBER | G75: -8.14758366865588, 114.399747620925 | H75: BANYUWANGI | I75: PT. TRI PUTRA TRANSINDO | J75: 46038 | K75: 46181 | P75: =IF(B75="POP-SB",COUNTA(J75:M75)/4, IF(B75="POP-B",COUNTA(J75:M75)/2, COUNTA(J75)/1)) -> 1 | Q75: SELESAI | T75: TRUE | U75: TRI PUTRA TRANSINDO | W75: WP142026012559 WP142026061159 | X75: TRUE | Y75: PM FOT POP ULP KETAPANG.pdf
A76: 76 | B76: POP-D | C76: POP_1MGT10000_DESA LEMBEYAN / PONOROGO APJ OLT | D76: POP_1MGT10000 | E76: MADIUN | F76: MADIUN | G76: -7.757858957592832, 111.39404042466124 | H76: MADIUN | I76: PT. CIPTA KARYA TEKNOLOGI | J76: 46275 | P76: =IF(B76="POP-SB",COUNTA(J76:M76)/4, IF(B76="POP-B",COUNTA(J76:M76)/2, COUNTA(J76:M76)/1)) -> 1 | Q76: =IF(P76=100%,"SELESAI","BELUM") -> SELESAI | T76: TRUE | U76: INTERNAL KP MADIUN | X76: FALSE
A77: 77 | B77: POP-D | C77: POP_1KPN10008_DESA MULYOAGUNG ODC | D77: POP_1KPN10008 | E77: MALANG | F77: MALANG | G77: -7.915550257663761, 112.58682928864911 | H77: MALANG | I77: PT. GERBANG SINERGI PRIMA | J77: 46118 | K77: 46268 | P77: =IF(B77="POP-SB",COUNTA(J77:M77)/4, IF(B77="POP-B",COUNTA(J77:M77)/2, COUNTA(J77:M77)/1)) -> 2 | Q77: =IF(P77=100%,"SELESAI","BELUM") -> BELUM | T77: TRUE | U77: ADYWIANSA | W77: WP142026040930 | X77: TRUE | Y77: WP142026040930 PM FOT POP_1KPN10008_DESA MULYOAGUNG ODC.pdf
A78: 78 | B78: POP-D | C78: POP_1TBN013_DESA PALANG MINI ODC | D78: POP_1TBN013 | E78: MADIUN | F78: MADIUN | G78: -6.90234122469825, 112.140774028725 | H78: TUBAN | I78: PT. CIPTA KARYA TEKNOLOGI | J78: 46099 | P78: =IF(B78="POP-SB",COUNTA(J78:M78)/4, IF(B78="POP-B",COUNTA(J78:M78)/2, COUNTA(J78:M78)/1)) -> 1 | Q78: =IF(P78=100%,"SELESAI","BELUM") -> SELESAI | T78: TRUE | U78: INFRATECH | W78: WP142026032941 | X78: TRUE | Y78: WP142026032941 PM FOT POP_1TBN013_DESA PALANG MINI ODC.pdf
A79: 79 | B79: POP-D | C79: POP_1KRS10003_DESA RANDUPITU PROBOLINGGO ODC | D79: POP_1KRS10003 | E79: JEMBER | F79: JEMBER | G79: -7.792115390475391, 113.31955037845778 | H79: PROBOLINGGO | I79: PT. TRI PUTRA TRANSINDO | J79: 46210 | P79: =IF(B79="POP-SB",COUNTA(J79:M79)/4, IF(B79="POP-B",COUNTA(J79:M79)/2, COUNTA(J79:M79)/1)) -> 1 | Q79: =IF(P79=100%,"SELESAI","BELUM") -> SELESAI | T79: TRUE | U79: TRI PUTRA TRANSINDO | W79: WP142026071117 | X79: TRUE | Y79: WP142026045178 PM FOT POP_1PSR010_PANDAAN ULP MINI ODC PLN.pdf
A80: 80 | B80: POP-D | C80: POP_1TBN012_DESA RENGEL MINI ODC | D80: POP_1TBN012 | E80: MADIUN | F80: MADIUN | G80: -7.06263327321416, 112.008329013869 | H80: TUBAN | I80: PT. CIPTA KARYA TEKNOLOGI | P80: =IF(B80="POP-SB",COUNTA(J80:M80)/4, IF(B80="POP-B",COUNTA(J80:M80)/2, COUNTA(J80:M80)/1)) -> 0 | Q80: =IF(P80=100%,"SELESAI","BELUM") -> BELUM | T80: FALSE | X80: FALSE
A81: 81 | B81: POP-D | C81: POP_1TBN006_DESA SAMBONG GEDE MINI ODC | D81: POP_1TBN006 | E81: MADIUN | F81: MADIUN | G81: -6.87997943327286, 111.984962167673 | H81: TUBAN | I81: PT. CIPTA KARYA TEKNOLOGI | J81: 46031 | P81: =IF(B81="POP-SB",COUNTA(J81:M81)/4, IF(B81="POP-B",COUNTA(J81:M81)/2, COUNTA(J81:M81)/1)) -> 1 | Q81: =IF(P81=100%,"SELESAI","BELUM") -> SELESAI | T81: TRUE | U81: INFRATECH | W81: WP142026011286 | X81: TRUE | Y81: POP A PM POP_1LMJ10001_KLAKAH ULP 1LUMAJANG ULP ODC 1 OLT PLN 09072026_Sudah Input.pdf
A82: 82 | B82: POP-D | C82: POP_1SDA10119_DESA SARIROGO ODC | D82: POP_1SDA10119 | E82: SURABAYA | F82: SURABAYA | G82: -7.428575276254313, 112.68140832361938 | H82: SIDOARJO | I82: PT. ALMAHYRA DIAN KURNIA | J82: 46065 | P82: =IF(B82="POP-SB",COUNTA(J82:M82)/4, IF(B82="POP-B",COUNTA(J82:M82)/2, COUNTA(J82:M82)/1)) -> 1 | Q82: =IF(P82=100%,"SELESAI","BELUM") -> SELESAI | T82: TRUE | U82: ALMAHYRA DIAN KURNIA | V82: SDASKD-ADN-MBL01_SAMIDI | W82: WP142026022324 WP142026071579 | X82: TRUE | Y82: BA PM POP_POP_1BTU10001_BATU ULP 2 ODC PLN_260325.docx
A83: 83 | B83: POP-D | C83: POP_1GSK10008_DESA SEKAPUK GRESIK MINI POP | D83: POP_1GSK10008 | E83: SURABAYA | F83: SURABAYA | G83: -6.948357338380413, 112.50685971989382 | H83: GRESIK | I83: PT. GERBANG SINERGI PRIMA | J83: 46169 | P83: =IF(B83="POP-SB",COUNTA(J83:M83)/4, IF(B83="POP-B",COUNTA(J83:M83)/2, COUNTA(J83:M83)/1)) -> 1 | Q83: =IF(P83=100%,"SELESAI","BELUM") -> SELESAI | T83: TRUE | U83: GERBANG SINERGI PRIMA | W83: WP142026054134 | X83: TRUE | Y83: WP142026044829 POP_1GSK10008_DESA SEKAPUK GRESIK MINI POP.pdf
A84: 84 | B84: POP-D | C84: POP_1PNG10000_DESA TEGALOMBO / PONOROGO APJ OLT | D84: POP_1PNG10000 | E84: MADIUN | F84: MADIUN | G84: -7.901928832257023, 111.3969470837202 | H84: MADIUN | I84: PT. CIPTA KARYA TEKNOLOGI | J84: 46147 | P84: =IF(B84="POP-SB",COUNTA(J84:M84)/4, IF(B84="POP-B",COUNTA(J84:M84)/2, COUNTA(J84:M84)/1)) -> 1 | Q84: =IF(P84=100%,"SELESAI","BELUM") -> SELESAI | T84: TRUE | U84: ADYWIANSA | W84: WP142026050418 | X84: TRUE | Y84: WP142026050418 POP_1KRS10004_DESA WONOREJO PROBOLINGGO ODC.pdf
A85: 85 | B85: POP-D | C85: POP_1KRS10004_DESA WONOREJO PROBOLINGGO ODC | D85: POP_1KRS10004 | E85: JEMBER | F85: JEMBER | G85: -7.819913958819922, 113.3515165602408 | H85: PROBOLINGGO | I85: PT. TRI PUTRA TRANSINDO | J85: 46147 | P85: =IF(B85="POP-SB",COUNTA(J85:M85)/4, IF(B85="POP-B",COUNTA(J85:M85)/2, COUNTA(J85:M85)/1)) -> 1 | Q85: =IF(P85=100%,"SELESAI","BELUM") -> SELESAI | T85: TRUE | X85: FALSE
A86: 86 | B86: POP-D | C86: POP_1MLG011_DINOYO ULP MINI ODC PLN | D86: POP_1MLG011 | E86: MALANG | F86: MALANG | G86: -7.94822883746338, 112.61405431374 | H86: MALANG | I86: PT. GERBANG SINERGI PRIMA | J86: 46078 | P86: =IF(B86="POP-SB",COUNTA(J86:M86)/4, IF(B86="POP-B",COUNTA(J86:M86)/2, COUNTA(J86:M86)/1)) -> 1 | Q86: =IF(P86=100%,"SELESAI","BELUM") -> SELESAI | T86: TRUE | U86: ADYWIANSA | W86: WP142026024601 | X86: TRUE | Y86: WP142026024601 PM_FOT_POP_1MLG011_POP_DINOYO.pdf
A87: 87 | B87: POP-D | C87: POP_1MJY10035_DOLOPO ULP ODC PLN | D87: POP_1MJY10035 | E87: MADIUN | F87: MADIUN | G87: -7.747227849040971, 111.52832208834282 | H87: MADIUN | I87: PT. CIPTA KARYA TEKNOLOGI | J87: 46260 | P87: =IF(B87="POP-SB",COUNTA(J87:M87)/4, IF(B87="POP-B",COUNTA(J87:M87)/2, COUNTA(J87:M87)/1)) -> 1 | Q87: =IF(P87=100%,"SELESAI","BELUM") -> SELESAI | T87: TRUE | U87: CIPTA KARYA TEKNOLOGI | W87: WP142026084777 | X87: FALSE
A88: 88 | B88: POP-D | C88: POP_1MJY002_DOLOPO ULP R12U PLN | D88: POP_1MJY002 | E88: MADIUN | F88: MADIUN | G88: -7.74721512770154, 111.528411036694 | H88: MADIUN | I88: PT. CIPTA KARYA TEKNOLOGI | P88: =IF(B88="POP-SB",COUNTA(J88:M88)/4, IF(B88="POP-B",COUNTA(J88:M88)/2, COUNTA(J88:M88)/1)) -> 0 | Q88: =IF(P88=100%,"SELESAI","BELUM") -> BELUM | T88: FALSE | X88: FALSE
A89: 89 | B89: POP-D | C89: POP_1SBY005_DUKUH KUPANG ULP SHELTER PLN | D89: POP_1SBY005 | E89: SURABAYA | F89: SURABAYA | G89: -7.28849011135933, 112.714206904268 | H89: SURABAYA | I89: PT. ALMAHYRA DIAN KURNIA | J89: 46238 | P89: =IF(B89="POP-SB",COUNTA(J89:M89)/4, IF(B89="POP-B",COUNTA(J89:M89)/2, COUNTA(J89:M89)/1)) -> 1 | Q89: =IF(P89=100%,"SELESAI","BELUM") -> SELESAI | T89: TRUE | U89: ALMAHYRA DIAN KURNIA | X89: FALSE
A90: 90 | B90: POP-D | C90: POP_1BLT004_GARUM KANTOR CAMAT MINI ODC | D90: POP_1BLT004 | E90: MALANG | F90: MALANG | G90: -8.07025137326549, 112.220533625535 | H90: KEDIRI | I90: PT. INFRATECH INDONESIA | P90: =IF(B90="POP-SB",COUNTA(J90:M90)/4, IF(B90="POP-B",COUNTA(J90:M90)/2, COUNTA(J90:M90)/1)) -> 0 | Q90: =IF(P90=100%,"SELESAI","BELUM") -> BELUM | T90: FALSE | X90: FALSE
A91: 91 | B91: POP-D | C91: POP_1SDA008_GEDANGAN ULP PLN MINI ODC | D91: POP_1SDA008 | E91: SURABAYA | F91: SURABAYA | G91: -7.37390425521365, 112.727787531926 | H91: SIDOARJO | I91: PT. ALMAHYRA DIAN KURNIA | J91: 46084 | P91: =IF(B91="POP-SB",COUNTA(J91:M91)/4, IF(B91="POP-B",COUNTA(J91:M91)/2, COUNTA(J91:M91)/1)) -> 1 | Q91: =IF(P91=100%,"SELESAI","BELUM") -> SELESAI | T91: TRUE | U91: ALMAHYRA DIAN KURNIA | W91: WP142026030615 | X91: TRUE | Y91: PM ODC ULP GEDANGAN.pdf
A92: 92 | B92: POP-D | C92: POP_1SBY016_GEDUNG SIGMA | D92: POP_1SBY016 | E92: SURABAYA | F92: SURABAYA | G92: -7.30008449864702, 112.635686977822 | H92: SURABAYA | I92: PT. ALMAHYRA DIAN KURNIA | P92: =IF(B92="POP-SB",COUNTA(J92:M92)/4, IF(B92="POP-B",COUNTA(J92:M92)/2, COUNTA(J92:M92)/1)) -> 0 | Q92: =IF(P92=100%,"SELESAI","BELUM") -> BELUM | T92: FALSE | X92: FALSE
A93: 93 | B93: POP-D | C93: POP_1BYW00002_GENTENG ULP PLN | D93: POP_1BYW002 | E93: JEMBER | F93: JEMBER | G93: -8.37137859227185, 114.145932939893 | H93: BANYUWANGI | I93: PT. TRI PUTRA TRANSINDO | J93: 46027 | K93: 46244 | P93: =IF(B93="POP-SB",COUNTA(J93:M93)/4, IF(B93="POP-B",COUNTA(J93:M93)/2, COUNTA(J93:M93)/1)) -> 2 | Q93: SELESAI | S93: SIMON RUSAK | T93: TRUE | U93: TRI PUTRA TRANSINDO | W93: WP142026010220 | X93: TRUE | Y93: WP142026040225_Form PM POP & OLT 2026_PM FOT POP_1BYW002_GENTENG ULP PLN.pdf
A94: 94 | B94: POP-D | C94: POP_1KPN005_GONDANG LEGI ULP ODC PLN | D94: POP_1KPN005 | E94: MALANG | F94: MALANG | G94: -8.176525180384116, 112.63619753070044 | H94: MALANG | I94: PT. GERBANG SINERGI PRIMA | J94: 46252 | P94: =IF(B94="POP-SB",COUNTA(J94:M94)/4, IF(B94="POP-B",COUNTA(J94:M94)/2, COUNTA(J94:M94)/1)) -> 1 | Q94: =IF(P94=100%,"SELESAI","BELUM") -> SELESAI | T94: TRUE | U94: ADYWIANSA | W94: WP142026082922 | X94: FALSE
A95: 95 | B95: POP-D | C95: POP_1PSR018_GRATI SHELTER GITET PLN | D95: POP_1PSR018 | E95: MALANG | F95: MALANG | G95: -7.65343822894017, 113.022372041647 | H95: PROBOLINGGO | I95: PT. TRI PUTRA TRANSINDO | J95: 46092 | P95: =IF(B95="POP-SB",COUNTA(J95:M95)/4, IF(B95="POP-B",COUNTA(J95:M95)/2, COUNTA(J95:M95)/1)) -> 1 | Q95: =IF(P95=100%,"SELESAI","BELUM") -> SELESAI | T95: TRUE | U95: ADYWIANSA | W95: WP142026031832 | X95: TRUE | Y95: WP142026031832 POP_1PSR018_GRATI SHELTER GITET PLN (Proses WP).pdf
A96: 96 | B96: POP-D | C96: POP_1PSR10012_GRATI ULP ODC PLN | D96: POP_1PSR10012 | E96: MALANG | F96: MALANG | G96: -7.676175942464389, 112.94505209787452 | H96: PROBOLINGGO | I96: PT. TRI PUTRA TRANSINDO | J96: 46091 | P96: =IF(B96="POP-SB",COUNTA(J96:M96)/4, IF(B96="POP-B",COUNTA(J96:M96)/2, COUNTA(J96:M96)/1)) -> 1 | Q96: =IF(P96=100%,"SELESAI","BELUM") -> SELESAI | T96: TRUE | U96: ADYWIANSA | X96: TRUE | Y96: WP142026031615 POP_1PSR10012_GRATI ULP ODC PLN.pdf
A97: 97 | B97: POP-D | C97: POP_1PSR006_GRATI ULP R12U PLN | D97: POP_1PSR006 | E97: MALANG | F97: MALANG | G97: -7.67654980298136, 112.945368771367 | H97: PROBOLINGGO | I97: PT. TRI PUTRA TRANSINDO | J97: 46091 | P97: =IF(B97="POP-SB",COUNTA(J97:M97)/4, IF(B97="POP-B",COUNTA(J97:M97)/2, COUNTA(J97:M97)/1)) -> 1 | Q97: =IF(P97=100%,"SELESAI","BELUM") -> SELESAI | T97: TRUE | U97: ADYWIANSA | W97: WP142026031615 | X97: TRUE | Y97: WP142026032625 POP_1PSR006_GRATI ULP R12U PLN.pdf
A98: 98 | B98: POP-D | C98: POP_1GSK004_GRESIK UP3 SHELTER PLN | D98: POP_1GSK004 | E98: SURABAYA | F98: SURABAYA | G98: -7.16268746019724, 112.632513002378 | H98: GRESIK | I98: PT. GERBANG SINERGI PRIMA | J98: 46182 | P98: =IF(B98="POP-SB",COUNTA(J98:M98)/4, IF(B98="POP-B",COUNTA(J98:M98)/2, COUNTA(J98:M98)/1)) -> 1 | Q98: =IF(P98=100%,"SELESAI","BELUM") -> SELESAI | T98: TRUE | U98: ADYWIANSA | W98: WP142026061572 | X98: TRUE | Y98: WP142026061572 PM FOT POP_1GSK00004_GRESIK UP3 SHELTER PLN.pdf
A99: 99 | B99: POP-D | C99: POP_1MAD10000_GUDANG MADIUN PLTD ODC PLN | D99: POP_1MAD10000 | E99: MADIUN | F99: MADIUN | G99: -7.615524006129802, 111.52510235289344 | H99: MADIUN | I99: PT. CIPTA KARYA TEKNOLOGI | J99: 46244 | P99: =IF(B99="POP-SB",COUNTA(J99:M99)/4, IF(B99="POP-B",COUNTA(J99:M99)/2, COUNTA(J99:M99)/1)) -> 1 | Q99: =IF(P99=100%,"SELESAI","BELUM") -> SELESAI | T99: TRUE | U99: CIPTA KARYA TEKNOLOGI | W99: WP142026081457 | X99: FALSE
A100: 100 | B100: POP-D | C100: POP_1SMP002_GULUK GULUK GI ODC 3 PINTU PLN | D100: POP_1SMP002 | E100: SURABAYA | F100: SURABAYA | G100: -7.0658323272979, 113.685486021713 | H100: MADURA | I100: PT. ALMAHYRA DIAN KURNIA | P100: =IF(B100="POP-SB",COUNTA(J100:M100)/4, IF(B100="POP-B",COUNTA(J100:M100)/2, COUNTA(J100:M100)/1)) -> 0 | Q100: =IF(P100=100%,"SELESAI","BELUM") -> BELUM | T100: FALSE | X100: FALSE
...

Sheet DATA MASTER
A1: REGIONAL KP | B1: KATEGORI | C1: NAMA POP | D1: HOSTNAME OLT | E1: ID POP | F1: TIPE POP | G1: POWER SUPPLY | H1: AC | I1: GENSET | J1: PM POP | K1: HEALTH INDEX (%) | L1: RESUME INDEX | M1: CATATAN PM | N1: GAMAS TERAKHIR | O1: ROOT CAUSE | P1: ACTION
A2: SURABAYA | B2: POP-SB | C2: POP_1SBY003_INTILAND LT.5 | D2: NON - OLT | E2: POP_1SBY003 | F2: RUANGAN | G2: {=IFERROR(INDEX('PM POWERSUPPLY RJBT1'!BC:BC,MATCH(E2,'PM POWERSUPPLY RJBT1'!B:B,0)),"BELUM TERDATA")} -> 100 | H2: {=IFERROR(INDEX('PM AC RJBT'!J:J,MATCH(E2,'PM AC RJBT'!A:A,0)),"NON-AC ICON")} -> 100 | I2: {=IFERROR(INDEX('PM GENSET RJBT'!AJ:AJ,MATCH(E2,'PM GENSET RJBT'!B:B,0)),"TIDAK ADA GENSET")} -> TIDAK ADA GENSET | J2: {=IFERROR(INDEX('PM POP RJBT'!P:P,MATCH(E2,'PM POP RJBT'!D:D,0)),"")*100} -> 100 | K2: =ROUND(((IF(G2="BELUM TERDATA",0,G2)*30)+(IF(H2="NON-AC ICON",100,H2)*15)+(IF(I2="TIDAK ADA GENSET",100,I2)*15)+(IF(J2="",100,J2)*40))/100,0) -> 100 | L2: =IF(K2>=80,"GOOD CONDITION",IF(K2>=60,"WARNING", IF(K2>=40,"NEED CHECK", "DANGEROUS"))) -> GOOD CONDITION
A3: SURABAYA | B3: POP-SB | C3: POP_1SDA002_WARU GI SHELTER-1 PLN | D3: NON - OLT | E3: POP_1SDA002 | F3: SHELTER | G3: {=IFERROR(INDEX('PM POWERSUPPLY RJBT1'!BC:BC,MATCH(E3,'PM POWERSUPPLY RJBT1'!B:B,0)),"BELUM TERDATA")} -> 100 | H3: {=IFERROR(INDEX('PM AC RJBT'!J:J,MATCH(E3,'PM AC RJBT'!A:A,0)),"NON-AC ICON")} -> 100 | I3: {=IFERROR(INDEX('PM GENSET RJBT'!AJ:AJ,MATCH(E3,'PM GENSET RJBT'!B:B,0)),"TIDAK ADA GENSET")} -> 60 | J3: {=IFERROR(INDEX('PM POP RJBT'!P:P,MATCH(E3,'PM POP RJBT'!D:D,0)),"")*100} -> 75 | K3: =ROUND(((IF(G3="BELUM TERDATA",0,G3)*30)+(IF(H3="NON-AC ICON",100,H3)*15)+(IF(I3="TIDAK ADA GENSET",100,I3)*15)+(IF(J3="",100,J3)*40))/100,0) -> 84 | L3: =IF(K3>=80,"GOOD CONDITION",IF(K3>=60,"WARNING", IF(K3>=40,"NEED CHECK", "DANGEROUS"))) -> GOOD CONDITION | R3: DESCRIPTION INDEX | U3: AVERAGE INDEX HEALTH PER KP
A4: MADIUN | B4: POP-B | C4: POP_1BJN001_BABAT GI SHELTER PLN | D4: NON - OLT | E4: POP_1BJN001 | F4: SHELTER | G4: {=IFERROR(INDEX('PM POWERSUPPLY RJBT1'!BC:BC,MATCH(E4,'PM POWERSUPPLY RJBT1'!B:B,0)),"BELUM TERDATA")} -> 100 | H4: {=IFERROR(INDEX('PM AC RJBT'!J:J,MATCH(E4,'PM AC RJBT'!A:A,0)),"NON-AC ICON")} -> 100 | I4: {=IFERROR(INDEX('PM GENSET RJBT'!AJ:AJ,MATCH(E4,'PM GENSET RJBT'!B:B,0)),"TIDAK ADA GENSET")} -> 100 | J4: {=IFERROR(INDEX('PM POP RJBT'!P:P,MATCH(E4,'PM POP RJBT'!D:D,0)),"")*100} -> 100 | K4: =ROUND(((IF(G4="BELUM TERDATA",0,G4)*30)+(IF(H4="NON-AC ICON",100,H4)*15)+(IF(I4="TIDAK ADA GENSET",100,I4)*15)+(IF(J4="",100,J4)*40))/100,0) -> 100 | L4: =IF(K4>=80,"GOOD CONDITION",IF(K4>=60,"WARNING", IF(K4>=40,"NEED CHECK", "DANGEROUS"))) -> GOOD CONDITION | R4: 80% - 100% | S4: GOOD CONDITION | U4: SBU | V4: =AVERAGE(K2:K875)/100 -> 0.83764302
A5: MALANG | B5: POP-B | C5: POP_1KDR10048_BANARAN GI 2 SHELTER PLN | D5: NON - OLT | E5: POP_1KDR10048 | F5: SHELTER | G5: {=IFERROR(INDEX('PM POWERSUPPLY RJBT1'!BC:BC,MATCH(E5,'PM POWERSUPPLY RJBT1'!B:B,0)),"BELUM TERDATA")} -> 100 | H5: {=IFERROR(INDEX('PM AC RJBT'!J:J,MATCH(E5,'PM AC RJBT'!A:A,0)),"NON-AC ICON")} -> 100 | I5: {=IFERROR(INDEX('PM GENSET RJBT'!AJ:AJ,MATCH(E5,'PM GENSET RJBT'!B:B,0)),"TIDAK ADA GENSET")} -> 20 | J5: {=IFERROR(INDEX('PM POP RJBT'!P:P,MATCH(E5,'PM POP RJBT'!D:D,0)),"")*100} -> 100 | K5: =ROUND(((IF(G5="BELUM TERDATA",0,G5)*30)+(IF(H5="NON-AC ICON",100,H5)*15)+(IF(I5="TIDAK ADA GENSET",100,I5)*15)+(IF(J5="",100,J5)*40))/100,0) -> 88 | L5: =IF(K5>=80,"GOOD CONDITION",IF(K5>=60,"WARNING", IF(K5>=40,"NEED CHECK", "DANGEROUS"))) -> GOOD CONDITION | R5: 60% - 79% | S5: WARNING | U5: KP MALANG | V5: =AVERAGEIF('DATA MASTER'!A:A,"MALANG",'DATA MASTER'!K:K)/100 -> 0.82355401
A6: MALANG | B6: POP-B | C6: POP_1KDR002_BANARAN GI SHELTER PLN | D6: NON - OLT | E6: POP_1KDR002 | F6: SHELTER | G6: {=IFERROR(INDEX('PM POWERSUPPLY RJBT1'!BC:BC,MATCH(E6,'PM POWERSUPPLY RJBT1'!B:B,0)),"BELUM TERDATA")} -> 100 | H6: {=IFERROR(INDEX('PM AC RJBT'!J:J,MATCH(E6,'PM AC RJBT'!A:A,0)),"NON-AC ICON")} -> 100 | I6: {=IFERROR(INDEX('PM GENSET RJBT'!AJ:AJ,MATCH(E6,'PM GENSET RJBT'!B:B,0)),"TIDAK ADA GENSET")} -> 20 | J6: {=IFERROR(INDEX('PM POP RJBT'!P:P,MATCH(E6,'PM POP RJBT'!D:D,0)),"")*100} -> 100 | K6: =ROUND(((IF(G6="BELUM TERDATA",0,G6)*30)+(IF(H6="NON-AC ICON",100,H6)*15)+(IF(I6="TIDAK ADA GENSET",100,I6)*15)+(IF(J6="",100,J6)*40))/100,0) -> 88 | L6: =IF(K6>=80,"GOOD CONDITION",IF(K6>=60,"WARNING", IF(K6>=40,"NEED CHECK", "DANGEROUS"))) -> GOOD CONDITION | R6: 40% - 59% | S6: NEED CHECK | U6: KP SURABAYA | V6: =AVERAGEIF('DATA MASTER'!A:A,"SURABAYA",'DATA MASTER'!K:K)/100 -> 0.83626198
A7: SURABAYA | B7: POP-B | C7: POP_1BKL002_BANGKALAN GI SHELTER PLN | D7: NON - OLT | E7: POP_1BKL002 | F7: SHELTER | G7: {=IFERROR(INDEX('PM POWERSUPPLY RJBT1'!BC:BC,MATCH(E7,'PM POWERSUPPLY RJBT1'!B:B,0)),"BELUM TERDATA")} -> 100 | H7: {=IFERROR(INDEX('PM AC RJBT'!J:J,MATCH(E7,'PM AC RJBT'!A:A,0)),"NON-AC ICON")} -> 100 | I7: {=IFERROR(INDEX('PM GENSET RJBT'!AJ:AJ,MATCH(E7,'PM GENSET RJBT'!B:B,0)),"TIDAK ADA GENSET")} -> 60 | J7: {=IFERROR(INDEX('PM POP RJBT'!P:P,MATCH(E7,'PM POP RJBT'!D:D,0)),"")*100} -> 100 | K7: =ROUND(((IF(G7="BELUM TERDATA",0,G7)*30)+(IF(H7="NON-AC ICON",100,H7)*15)+(IF(I7="TIDAK ADA GENSET",100,I7)*15)+(IF(J7="",100,J7)*40))/100,0) -> 94 | L7: =IF(K7>=80,"GOOD CONDITION",IF(K7>=60,"WARNING", IF(K7>=40,"NEED CHECK", "DANGEROUS"))) -> GOOD CONDITION | R7: 0% - 39% | S7: DANGEROUS | U7: KP MADIUN | V7: =AVERAGEIF('DATA MASTER'!A:A,"MADIUN",'DATA MASTER'!K:K)/100 -> 0.77006369
A8: JEMBER | B8: POP-B | C8: POP_1BYW005_BANYUWANGI GI SHELTER PLN | D8: NON - OLT | E8: POP_1BYW005 | F8: SHELTER | G8: {=IFERROR(INDEX('PM POWERSUPPLY RJBT1'!BC:BC,MATCH(E8,'PM POWERSUPPLY RJBT1'!B:B,0)),"BELUM TERDATA")} -> 100 | H8: {=IFERROR(INDEX('PM AC RJBT'!J:J,MATCH(E8,'PM AC RJBT'!A:A,0)),"NON-AC ICON")} -> 100 | I8: {=IFERROR(INDEX('PM GENSET RJBT'!AJ:AJ,MATCH(E8,'PM GENSET RJBT'!B:B,0)),"TIDAK ADA GENSET")} -> 100 | J8: {=IFERROR(INDEX('PM POP RJBT'!P:P,MATCH(E8,'PM POP RJBT'!D:D,0)),"")*100} -> 100 | K8: =ROUND(((IF(G8="BELUM TERDATA",0,G8)*30)+(IF(H8="NON-AC ICON",100,H8)*15)+(IF(I8="TIDAK ADA GENSET",100,I8)*15)+(IF(J8="",100,J8)*40))/100,0) -> 100 | L8: =IF(K8>=80,"GOOD CONDITION",IF(K8>=60,"WARNING", IF(K8>=40,"NEED CHECK", "DANGEROUS"))) -> GOOD CONDITION | U8: KP JEMBER | V8: =AVERAGEIF('DATA MASTER'!A:A,"JEMBER",'DATA MASTER'!K:K)/100 -> 0.9665812
A9: SURABAYA | B9: POP-B | C9: POP_1SBY012_DARMO GRAND GI SHELTER PLN | D9: NON - OLT | E9: POP_1SBY012 | F9: SHELTER | G9: {=IFERROR(INDEX('PM POWERSUPPLY RJBT1'!BC:BC,MATCH(E9,'PM POWERSUPPLY RJBT1'!B:B,0)),"BELUM TERDATA")} -> 100 | H9: {=IFERROR(INDEX('PM AC RJBT'!J:J,MATCH(E9,'PM AC RJBT'!A:A,0)),"NON-AC ICON")} -> NON-AC ICON | I9: {=IFERROR(INDEX('PM GENSET RJBT'!AJ:AJ,MATCH(E9,'PM GENSET RJBT'!B:B,0)),"TIDAK ADA GENSET")} -> 100 | J9: {=IFERROR(INDEX('PM POP RJBT'!P:P,MATCH(E9,'PM POP RJBT'!D:D,0)),"")*100} -> 100 | K9: =ROUND(((IF(G9="BELUM TERDATA",0,G9)*30)+(IF(H9="NON-AC ICON",100,H9)*15)+(IF(I9="TIDAK ADA GENSET",100,I9)*15)+(IF(J9="",100,J9)*40))/100,0) -> 100 | L9: =IF(K9>=80,"GOOD CONDITION",IF(K9>=60,"WARNING", IF(K9>=40,"NEED CHECK", "DANGEROUS"))) -> GOOD CONDITION | R9: RESUME INDEX
A10: SURABAYA | B10: POP-B | C10: POP_1SBY011_DISJATIM PLN | D10: NON - OLT | E10: POP_1SBY011 | F10: RUANGAN | G10: {=IFERROR(INDEX('PM POWERSUPPLY RJBT1'!BC:BC,MATCH(E10,'PM POWERSUPPLY RJBT1'!B:B,0)),"BELUM TERDATA")} -> 100 | H10: {=IFERROR(INDEX('PM AC RJBT'!J:J,MATCH(E10,'PM AC RJBT'!A:A,0)),"NON-AC ICON")} -> 100 | I10: {=IFERROR(INDEX('PM GENSET RJBT'!AJ:AJ,MATCH(E10,'PM GENSET RJBT'!B:B,0)),"TIDAK ADA GENSET")} -> 100 | J10: {=IFERROR(INDEX('PM POP RJBT'!P:P,MATCH(E10,'PM POP RJBT'!D:D,0)),"")*100} -> 100 | K10: =ROUND(((IF(G10="BELUM TERDATA",0,G10)*30)+(IF(H10="NON-AC ICON",100,H10)*15)+(IF(I10="TIDAK ADA GENSET",100,I10)*15)+(IF(J10="",100,J10)*40))/100,0) -> 100 | L10: =IF(K10>=80,"GOOD CONDITION",IF(K10>=60,"WARNING", IF(K10>=40,"NEED CHECK", "DANGEROUS"))) -> GOOD CONDITION | R10: =COUNTIFS(K2:K876,">=80",K2:K876,"<=100") -> 516 | S10: GOOD CONDITION
A11: MALANG | B11: POP-B | C11: POP_1PSN003_GONDANGWETAN GI SHELTER PLN | D11: NON - OLT | E11: POP_1PSN003 | F11: SHELTER | G11: {=IFERROR(INDEX('PM POWERSUPPLY RJBT1'!BC:BC,MATCH(E11,'PM POWERSUPPLY RJBT1'!B:B,0)),"BELUM TERDATA")} -> 100 | H11: {=IFERROR(INDEX('PM AC RJBT'!J:J,MATCH(E11,'PM AC RJBT'!A:A,0)),"NON-AC ICON")} -> 100 | I11: {=IFERROR(INDEX('PM GENSET RJBT'!AJ:AJ,MATCH(E11,'PM GENSET RJBT'!B:B,0)),"TIDAK ADA GENSET")} -> 100 | J11: {=IFERROR(INDEX('PM POP RJBT'!P:P,MATCH(E11,'PM POP RJBT'!D:D,0)),"")*100} -> 100 | K11: =ROUND(((IF(G11="BELUM TERDATA",0,G11)*30)+(IF(H11="NON-AC ICON",100,H11)*15)+(IF(I11="TIDAK ADA GENSET",100,I11)*15)+(IF(J11="",100,J11)*40))/100,0) -> 100 | L11: =IF(K11>=80,"GOOD CONDITION",IF(K11>=60,"WARNING", IF(K11>=40,"NEED CHECK", "DANGEROUS"))) -> GOOD CONDITION | R11: =COUNTIFS(K2:K876,">=60",K2:K876,"<=79") -> 335 | S11: WARNING
A12: MALANG | B12: POP-B | C12: POP_1PSR001_GRATI GITET PLC PLN | D12: NON - OLT | E12: POP_1PSR001 | F12: PLC | G12: {=IFERROR(INDEX('PM POWERSUPPLY RJBT1'!BC:BC,MATCH(E12,'PM POWERSUPPLY RJBT1'!B:B,0)),"BELUM TERDATA")} -> 100 | H12: {=IFERROR(INDEX('PM AC RJBT'!J:J,MATCH(E12,'PM AC RJBT'!A:A,0)),"NON-AC ICON")} -> NON-AC ICON | I12: {=IFERROR(INDEX('PM GENSET RJBT'!AJ:AJ,MATCH(E12,'PM GENSET RJBT'!B:B,0)),"TIDAK ADA GENSET")} -> TIDAK ADA GENSET | J12: {=IFERROR(INDEX('PM POP RJBT'!P:P,MATCH(E12,'PM POP RJBT'!D:D,0)),"")*100} -> 100 | K12: =ROUND(((IF(G12="BELUM TERDATA",0,G12)*30)+(IF(H12="NON-AC ICON",100,H12)*15)+(IF(I12="TIDAK ADA GENSET",100,I12)*15)+(IF(J12="",100,J12)*40))/100,0) -> 100 | L12: =IF(K12>=80,"GOOD CONDITION",IF(K12>=60,"WARNING", IF(K12>=40,"NEED CHECK", "DANGEROUS"))) -> GOOD CONDITION | R12: =COUNTIFS(K2:K876,">=40",K2:K876,"<=59") -> 2 | S12: NEED CHECK
A13: SURABAYA | B13: POP-B | C13: POP_1GSK002_GRESIK GITET PLC PLN | D13: NON - OLT | E13: POP_1GSK002 | F13: PLC | G13: {=IFERROR(INDEX('PM POWERSUPPLY RJBT1'!BC:BC,MATCH(E13,'PM POWERSUPPLY RJBT1'!B:B,0)),"BELUM TERDATA")} -> 100 | H13: {=IFERROR(INDEX('PM AC RJBT'!J:J,MATCH(E13,'PM AC RJBT'!A:A,0)),"NON-AC ICON")} -> NON-AC ICON | I13: {=IFERROR(INDEX('PM GENSET RJBT'!AJ:AJ,MATCH(E13,'PM GENSET RJBT'!B:B,0)),"TIDAK ADA GENSET")} -> 100 | J13: {=IFERROR(INDEX('PM POP RJBT'!P:P,MATCH(E13,'PM POP RJBT'!D:D,0)),"")*100} -> 100 | K13: =ROUND(((IF(G13="BELUM TERDATA",0,G13)*30)+(IF(H13="NON-AC ICON",100,H13)*15)+(IF(I13="TIDAK ADA GENSET",100,I13)*15)+(IF(J13="",100,J13)*40))/100,0) -> 100 | L13: =IF(K13>=80,"GOOD CONDITION",IF(K13>=60,"WARNING", IF(K13>=40,"NEED CHECK", "DANGEROUS"))) -> GOOD CONDITION | R13: =COUNTIFS(K2:K876,">=0",K2:K876,"<=39") -> 16 | S13: DANGEROUS
A14: JEMBER | B14: POP-B | C14: POP_1JMR001_JEMBER GI SHELTER PLN | D14: NON - OLT | E14: POP_1JMR001 | F14: SHELTER | G14: {=IFERROR(INDEX('PM POWERSUPPLY RJBT1'!BC:BC,MATCH(E14,'PM POWERSUPPLY RJBT1'!B:B,0)),"BELUM TERDATA")} -> 100 | H14: {=IFERROR(INDEX('PM AC RJBT'!J:J,MATCH(E14,'PM AC RJBT'!A:A,0)),"NON-AC ICON")} -> 100 | I14: {=IFERROR(INDEX('PM GENSET RJBT'!AJ:AJ,MATCH(E14,'PM GENSET RJBT'!B:B,0)),"TIDAK ADA GENSET")} -> TIDAK ADA GENSET | J14: {=IFERROR(INDEX('PM POP RJBT'!P:P,MATCH(E14,'PM POP RJBT'!D:D,0)),"")*100} -> 100 | K14: =ROUND(((IF(G14="BELUM TERDATA",0,G14)*30)+(IF(H14="NON-AC ICON",100,H14)*15)+(IF(I14="TIDAK ADA GENSET",100,I14)*15)+(IF(J14="",100,J14)*40))/100,0) -> 100 | L14: =IF(K14>=80,"GOOD CONDITION",IF(K14>=60,"WARNING", IF(K14>=40,"NEED CHECK", "DANGEROUS"))) -> GOOD CONDITION
A15: MALANG | B15: POP-B | C15: POP_1MLG009 KEBON AGUNG GI SHELTER PLN | D15: NON - OLT | E15: POP_1MLG009 | F15: SHELTER | G15: {=IFERROR(INDEX('PM POWERSUPPLY RJBT1'!BC:BC,MATCH(E15,'PM POWERSUPPLY RJBT1'!B:B,0)),"BELUM TERDATA")} -> 100 | H15: {=IFERROR(INDEX('PM AC RJBT'!J:J,MATCH(E15,'PM AC RJBT'!A:A,0)),"NON-AC ICON")} -> 100 | I15: {=IFERROR(INDEX('PM GENSET RJBT'!AJ:AJ,MATCH(E15,'PM GENSET RJBT'!B:B,0)),"TIDAK ADA GENSET")} -> 100 | J15: {=IFERROR(INDEX('PM POP RJBT'!P:P,MATCH(E15,'PM POP RJBT'!D:D,0)),"")*100} -> 100 | K15: =ROUND(((IF(G15="BELUM TERDATA",0,G15)*30)+(IF(H15="NON-AC ICON",100,H15)*15)+(IF(I15="TIDAK ADA GENSET",100,I15)*15)+(IF(J15="",100,J15)*40))/100,0) -> 100 | L15: =IF(K15>=80,"GOOD CONDITION",IF(K15>=60,"WARNING", IF(K15>=40,"NEED CHECK", "DANGEROUS"))) -> GOOD CONDITION
A16: SURABAYA | B16: POP-B | C16: POP_1MJK001_KRIAN GITET SHELTER PLN | D16: NON - OLT | E16: POP_1MJK001 | F16: SHELTER | G16: {=IFERROR(INDEX('PM POWERSUPPLY RJBT1'!BC:BC,MATCH(E16,'PM POWERSUPPLY RJBT1'!B:B,0)),"BELUM TERDATA")} -> 100 | H16: {=IFERROR(INDEX('PM AC RJBT'!J:J,MATCH(E16,'PM AC RJBT'!A:A,0)),"NON-AC ICON")} -> 100 | I16: {=IFERROR(INDEX('PM GENSET RJBT'!AJ:AJ,MATCH(E16,'PM GENSET RJBT'!B:B,0)),"TIDAK ADA GENSET")} -> 100 | J16: {=IFERROR(INDEX('PM POP RJBT'!P:P,MATCH(E16,'PM POP RJBT'!D:D,0)),"")*100} -> 100 | K16: =ROUND(((IF(G16="BELUM TERDATA",0,G16)*30)+(IF(H16="NON-AC ICON",100,H16)*15)+(IF(I16="TIDAK ADA GENSET",100,I16)*15)+(IF(J16="",100,J16)*40))/100,0) -> 100 | L16: =IF(K16>=80,"GOOD CONDITION",IF(K16>=60,"WARNING", IF(K16>=40,"NEED CHECK", "DANGEROUS"))) -> GOOD CONDITION
A17: MALANG | B17: POP-B | C17: POP_1KPN016_LAWANG GI SHELTER PLN | D17: NON - OLT | E17: POP_1KPN016 | F17: SHELTER | G17: {=IFERROR(INDEX('PM POWERSUPPLY RJBT1'!BC:BC,MATCH(E17,'PM POWERSUPPLY RJBT1'!B:B,0)),"BELUM TERDATA")} -> 100 | H17: {=IFERROR(INDEX('PM AC RJBT'!J:J,MATCH(E17,'PM AC RJBT'!A:A,0)),"NON-AC ICON")} -> 100 | I17: {=IFERROR(INDEX('PM GENSET RJBT'!AJ:AJ,MATCH(E17,'PM GENSET RJBT'!B:B,0)),"TIDAK ADA GENSET")} -> 100 | J17: {=IFERROR(INDEX('PM POP RJBT'!P:P,MATCH(E17,'PM POP RJBT'!D:D,0)),"")*100} -> 100 | K17: =ROUND(((IF(G17="BELUM TERDATA",0,G17)*30)+(IF(H17="NON-AC ICON",100,H17)*15)+(IF(I17="TIDAK ADA GENSET",100,I17)*15)+(IF(J17="",100,J17)*40))/100,0) -> 100 | L17: =IF(K17>=80,"GOOD CONDITION",IF(K17>=60,"WARNING", IF(K17>=40,"NEED CHECK", "DANGEROUS"))) -> GOOD CONDITION
A18: JEMBER | B18: POP-B | C18: POP_1LMJ001_LUMAJANG GI SHELTER PLN | D18: NON - OLT | E18: POP_1LMJ001 | F18: SHELTER | G18: {=IFERROR(INDEX('PM POWERSUPPLY RJBT1'!BC:BC,MATCH(E18,'PM POWERSUPPLY RJBT1'!B:B,0)),"BELUM TERDATA")} -> 100 | H18: {=IFERROR(INDEX('PM AC RJBT'!J:J,MATCH(E18,'PM AC RJBT'!A:A,0)),"NON-AC ICON")} -> 100 | I18: {=IFERROR(INDEX('PM GENSET RJBT'!AJ:AJ,MATCH(E18,'PM GENSET RJBT'!B:B,0)),"TIDAK ADA GENSET")} -> 100 | J18: {=IFERROR(INDEX('PM POP RJBT'!P:P,MATCH(E18,'PM POP RJBT'!D:D,0)),"")*100} -> 100 | K18: =ROUND(((IF(G18="BELUM TERDATA",0,G18)*30)+(IF(H18="NON-AC ICON",100,H18)*15)+(IF(I18="TIDAK ADA GENSET",100,I18)*15)+(IF(J18="",100,J18)*40))/100,0) -> 100 | L18: =IF(K18>=80,"GOOD CONDITION",IF(K18>=60,"WARNING", IF(K18>=40,"NEED CHECK", "DANGEROUS"))) -> GOOD CONDITION
A19: MADIUN | B19: POP-B | C19: POP_1MAD004_MANISREJO GI SHELTER PLN | D19: NON - OLT | E19: POP_1MAD004 | F19: SHELTER | G19: {=IFERROR(INDEX('PM POWERSUPPLY RJBT1'!BC:BC,MATCH(E19,'PM POWERSUPPLY RJBT1'!B:B,0)),"BELUM TERDATA")} -> 100 | H19: {=IFERROR(INDEX('PM AC RJBT'!J:J,MATCH(E19,'PM AC RJBT'!A:A,0)),"NON-AC ICON")} -> 100 | I19: {=IFERROR(INDEX('PM GENSET RJBT'!AJ:AJ,MATCH(E19,'PM GENSET RJBT'!B:B,0)),"TIDAK ADA GENSET")} -> 100 | J19: {=IFERROR(INDEX('PM POP RJBT'!P:P,MATCH(E19,'PM POP RJBT'!D:D,0)),"")*100} -> 100 | K19: =ROUND(((IF(G19="BELUM TERDATA",0,G19)*30)+(IF(H19="NON-AC ICON",100,H19)*15)+(IF(I19="TIDAK ADA GENSET",100,I19)*15)+(IF(J19="",100,J19)*40))/100,0) -> 100 | L19: =IF(K19>=80,"GOOD CONDITION",IF(K19>=60,"WARNING", IF(K19>=40,"NEED CHECK", "DANGEROUS"))) -> GOOD CONDITION
A20: SURABAYA | B20: POP-B | C20: POP_1JBG001_MOJOAGUNG GI SHELTER PLN | D20: NON - OLT | E20: POP_1JBG001 | F20: SHELTER | G20: {=IFERROR(INDEX('PM POWERSUPPLY RJBT1'!BC:BC,MATCH(E20,'PM POWERSUPPLY RJBT1'!B:B,0)),"BELUM TERDATA")} -> 100 | H20: {=IFERROR(INDEX('PM AC RJBT'!J:J,MATCH(E20,'PM AC RJBT'!A:A,0)),"NON-AC ICON")} -> 100 | I20: {=IFERROR(INDEX('PM GENSET RJBT'!AJ:AJ,MATCH(E20,'PM GENSET RJBT'!B:B,0)),"TIDAK ADA GENSET")} -> 100 | J20: {=IFERROR(INDEX('PM POP RJBT'!P:P,MATCH(E20,'PM POP RJBT'!D:D,0)),"")*100} -> 100 | K20: =ROUND(((IF(G20="BELUM TERDATA",0,G20)*30)+(IF(H20="NON-AC ICON",100,H20)*15)+(IF(I20="TIDAK ADA GENSET",100,I20)*15)+(IF(J20="",100,J20)*40))/100,0) -> 100 | L20: =IF(K20>=80,"GOOD CONDITION",IF(K20>=60,"WARNING", IF(K20>=40,"NEED CHECK", "DANGEROUS"))) -> GOOD CONDITION
A21: JEMBER | B21: POP-B | C21: POP_1KRS001_PAITON GITET GI SHELTER PLN | D21: NON - OLT | E21: POP_1KRS001 | F21: SHELTER | G21: {=IFERROR(INDEX('PM POWERSUPPLY RJBT1'!BC:BC,MATCH(E21,'PM POWERSUPPLY RJBT1'!B:B,0)),"BELUM TERDATA")} -> 100 | H21: {=IFERROR(INDEX('PM AC RJBT'!J:J,MATCH(E21,'PM AC RJBT'!A:A,0)),"NON-AC ICON")} -> 100 | I21: {=IFERROR(INDEX('PM GENSET RJBT'!AJ:AJ,MATCH(E21,'PM GENSET RJBT'!B:B,0)),"TIDAK ADA GENSET")} -> 100 | J21: {=IFERROR(INDEX('PM POP RJBT'!P:P,MATCH(E21,'PM POP RJBT'!D:D,0)),"")*100} -> 100 | K21: =ROUND(((IF(G21="BELUM TERDATA",0,G21)*30)+(IF(H21="NON-AC ICON",100,H21)*15)+(IF(I21="TIDAK ADA GENSET",100,I21)*15)+(IF(J21="",100,J21)*40))/100,0) -> 100 | L21: =IF(K21>=80,"GOOD CONDITION",IF(K21>=60,"WARNING", IF(K21>=40,"NEED CHECK", "DANGEROUS"))) -> GOOD CONDITION
A22: JEMBER | B22: POP-B | C22: POP_1KRS002_PAITON GITET PLC PLN | D22: NON - OLT | E22: POP_1KRS002 | F22: PLC | G22: {=IFERROR(INDEX('PM POWERSUPPLY RJBT1'!BC:BC,MATCH(E22,'PM POWERSUPPLY RJBT1'!B:B,0)),"BELUM TERDATA")} -> 100 | H22: {=IFERROR(INDEX('PM AC RJBT'!J:J,MATCH(E22,'PM AC RJBT'!A:A,0)),"NON-AC ICON")} -> NON-AC ICON | I22: {=IFERROR(INDEX('PM GENSET RJBT'!AJ:AJ,MATCH(E22,'PM GENSET RJBT'!B:B,0)),"TIDAK ADA GENSET")} -> TIDAK ADA GENSET | J22: {=IFERROR(INDEX('PM POP RJBT'!P:P,MATCH(E22,'PM POP RJBT'!D:D,0)),"")*100} -> 100 | K22: =ROUND(((IF(G22="BELUM TERDATA",0,G22)*30)+(IF(H22="NON-AC ICON",100,H22)*15)+(IF(I22="TIDAK ADA GENSET",100,I22)*15)+(IF(J22="",100,J22)*40))/100,0) -> 100 | L22: =IF(K22>=80,"GOOD CONDITION",IF(K22>=60,"WARNING", IF(K22>=40,"NEED CHECK", "DANGEROUS"))) -> GOOD CONDITION
A23: MALANG | B23: POP-B | C23: POP_1PSR003_PASURUAN REPEATER SHELTER | D23: NON - OLT | E23: POP_1PSR003 | F23: SHELTER | G23: {=IFERROR(INDEX('PM POWERSUPPLY RJBT1'!BC:BC,MATCH(E23,'PM POWERSUPPLY RJBT1'!B:B,0)),"BELUM TERDATA")} -> 100 | H23: {=IFERROR(INDEX('PM AC RJBT'!J:J,MATCH(E23,'PM AC RJBT'!A:A,0)),"NON-AC ICON")} -> 100 | I23: {=IFERROR(INDEX('PM GENSET RJBT'!AJ:AJ,MATCH(E23,'PM GENSET RJBT'!B:B,0)),"TIDAK ADA GENSET")} -> TIDAK ADA GENSET | J23: {=IFERROR(INDEX('PM POP RJBT'!P:P,MATCH(E23,'PM POP RJBT'!D:D,0)),"")*100} -> 100 | K23: =ROUND(((IF(G23="BELUM TERDATA",0,G23)*30)+(IF(H23="NON-AC ICON",100,H23)*15)+(IF(I23="TIDAK ADA GENSET",100,I23)*15)+(IF(J23="",100,J23)*40))/100,0) -> 100 | L23: =IF(K23>=80,"GOOD CONDITION",IF(K23>=60,"WARNING", IF(K23>=40,"NEED CHECK", "DANGEROUS"))) -> GOOD CONDITION
A24: JEMBER | B24: POP-B | C24: POP_1PBL001_PROBOLINGGO GI SHELTER PLN | D24: NON - OLT | E24: POP_1PBL001 | F24: SHELTER | G24: {=IFERROR(INDEX('PM POWERSUPPLY RJBT1'!BC:BC,MATCH(E24,'PM POWERSUPPLY RJBT1'!B:B,0)),"BELUM TERDATA")} -> 100 | H24: {=IFERROR(INDEX('PM AC RJBT'!J:J,MATCH(E24,'PM AC RJBT'!A:A,0)),"NON-AC ICON")} -> 100 | I24: {=IFERROR(INDEX('PM GENSET RJBT'!AJ:AJ,MATCH(E24,'PM GENSET RJBT'!B:B,0)),"TIDAK ADA GENSET")} -> 100 | J24: {=IFERROR(INDEX('PM POP RJBT'!P:P,MATCH(E24,'PM POP RJBT'!D:D,0)),"")*100} -> 100 | K24: =ROUND(((IF(G24="BELUM TERDATA",0,G24)*30)+(IF(H24="NON-AC ICON",100,H24)*15)+(IF(I24="TIDAK ADA GENSET",100,I24)*15)+(IF(J24="",100,J24)*40))/100,0) -> 100 | L24: =IF(K24>=80,"GOOD CONDITION",IF(K24>=60,"WARNING", IF(K24>=40,"NEED CHECK", "DANGEROUS"))) -> GOOD CONDITION
A25: SURABAYA | B25: POP-B | C25: POP_1SBY023 RUNGKUT GI SHELTER PLN | D25: NON - OLT | E25: POP_1SBY023 | F25: SHELTER | G25: {=IFERROR(INDEX('PM POWERSUPPLY RJBT1'!BC:BC,MATCH(E25,'PM POWERSUPPLY RJBT1'!B:B,0)),"BELUM TERDATA")} -> 100 | H25: {=IFERROR(INDEX('PM AC RJBT'!J:J,MATCH(E25,'PM AC RJBT'!A:A,0)),"NON-AC ICON")} -> 100 | I25: {=IFERROR(INDEX('PM GENSET RJBT'!AJ:AJ,MATCH(E25,'PM GENSET RJBT'!B:B,0)),"TIDAK ADA GENSET")} -> 100 | J25: {=IFERROR(INDEX('PM POP RJBT'!P:P,MATCH(E25,'PM POP RJBT'!D:D,0)),"")*100} -> 100 | K25: =ROUND(((IF(G25="BELUM TERDATA",0,G25)*30)+(IF(H25="NON-AC ICON",100,H25)*15)+(IF(I25="TIDAK ADA GENSET",100,I25)*15)+(IF(J25="",100,J25)*40))/100,0) -> 100 | L25: =IF(K25>=80,"GOOD CONDITION",IF(K25>=60,"WARNING", IF(K25>=40,"NEED CHECK", "DANGEROUS"))) -> GOOD CONDITION
... A34: MALANG | B34: POP-B | C34: POP_1KNR002_WLINGI GI SHELTER PLN | D34: NON - OLT | E34: POP_1KNR002 | F34: SHELTER | G34: {=IFERROR(INDEX('PM POWERSUPPLY RJBT1'!BC:BC,MATCH(E34,'PM POWERSUPPLY RJBT1'!B:B,0)),"BELUM TERDATA")} -> 100 | H34: {=IFERROR(INDEX('PM AC RJBT'!J:J,MATCH(E34,'PM AC RJBT'!A:A,0)),"NON-AC ICON")} -> 100 | I34: {=IFERROR(INDEX('PM GENSET RJBT'!AJ:AJ,MATCH(E34,'PM GENSET RJBT'!B:B,0)),"TIDAK ADA GENSET")} -> 100 | J34: {=IFERROR(INDEX('PM POP RJBT'!P:P,MATCH(E34,'PM POP RJBT'!D:D,0)),"")*100} -> 100 | K34: =ROUND(((IF(G34="BELUM TERDATA",0,G34)*30)+(IF(H34="NON-AC ICON",100,H34)*15)+(IF(I34="TIDAK ADA GENSET",100,I34)*15)+(IF(J34="",100,J34)*40))/100,0) -> 100 | L34: =IF(K34>=80,"GOOD CONDITION",IF(K34>=60,"WARNING", IF(K34>=40,"NEED CHECK", "DANGEROUS"))) -> GOOD CONDITION
A35: JEMBER | B35: POP-D | C35: POP_1JMR10000_POP_1JMR008_AMBULU ULP MINI ODC PLN | D35: NON - OLT | E35: POP_1JMR10000 | G35: {=IFERROR(INDEX('PM POWERSUPPLY RJBT1'!BC:BC,MATCH(E35,'PM POWERSUPPLY RJBT1'!B:B,0)),"BELUM TERDATA")} -> 100 | H35: {=IFERROR(INDEX('PM AC RJBT'!J:J,MATCH(E35,'PM AC RJBT'!A:A,0)),"NON-AC ICON")} -> 100 | I35: {=IFERROR(INDEX('PM GENSET RJBT'!AJ:AJ,MATCH(E35,'PM GENSET RJBT'!B:B,0)),"TIDAK ADA GENSET")} -> TIDAK ADA GENSET | J35: {=IFERROR(INDEX('PM POP RJBT'!P:P,MATCH(E35,'PM POP RJBT'!D:D,0)),"")*100} -> 100 | K35: =ROUND(((IF(G35="BELUM TERDATA",0,G35)*30)+(IF(H35="NON-AC ICON",100,H35)*15)+(IF(I35="TIDAK ADA GENSET",100,I35)*15)+(IF(J35="",100,J35)*40))/100,0) -> 100 | L35: =IF(K35>=80,"GOOD CONDITION",IF(K35>=60,"WARNING", IF(K35>=40,"NEED CHECK", "DANGEROUS"))) -> GOOD CONDITION
A36: MALANG | B36: POP-D | C36: POP_1MLG013_APARTEMEN BEGAWAN MINI ODC | D36: NON - OLT | E36: POP_1MLG013 | G36: {=IFERROR(INDEX('PM POWERSUPPLY RJBT1'!BC:BC,MATCH(E36,'PM POWERSUPPLY RJBT1'!B:B,0)),"BELUM TERDATA")} -> 100 | H36: {=IFERROR(INDEX('PM AC RJBT'!J:J,MATCH(E36,'PM AC RJBT'!A:A,0)),"NON-AC ICON")} -> NON-AC ICON | I36: {=IFERROR(INDEX('PM GENSET RJBT'!AJ:AJ,MATCH(E36,'PM GENSET RJBT'!B:B,0)),"TIDAK ADA GENSET")} -> TIDAK ADA GENSET | J36: {=IFERROR(INDEX('PM POP RJBT'!P:P,MATCH(E36,'PM POP RJBT'!D:D,0)),"")*100} -> 100 | K36: =ROUND(((IF(G36="BELUM TERDATA",0,G36)*30)+(IF(H36="NON-AC ICON",100,H36)*15)+(IF(I36="TIDAK ADA GENSET",100,I36)*15)+(IF(J36="",100,J36)*40))/100,0) -> 100 | L36: =IF(K36>=80,"GOOD CONDITION",IF(K36>=60,"WARNING", IF(K36>=40,"NEED CHECK", "DANGEROUS"))) -> GOOD CONDITION
A37: SURABAYA | B37: POP-D | C37: POP_1SIT004_ASEM BAGUS ULP R12U PLN | D37: NON - OLT | E37: POP_1SIT004 | F37: RUANGAN | G37: {=IFERROR(INDEX('PM POWERSUPPLY RJBT1'!BC:BC,MATCH(E37,'PM POWERSUPPLY RJBT1'!B:B,0)),"BELUM TERDATA")} -> 100 | H37: {=IFERROR(INDEX('PM AC RJBT'!J:J,MATCH(E37,'PM AC RJBT'!A:A,0)),"NON-AC ICON")} -> NON-AC ICON | I37: {=IFERROR(INDEX('PM GENSET RJBT'!AJ:AJ,MATCH(E37,'PM GENSET RJBT'!B:B,0)),"TIDAK ADA GENSET")} -> TIDAK ADA GENSET | J37: {=IFERROR(INDEX('PM POP RJBT'!P:P,MATCH(E37,'PM POP RJBT'!D:D,0)),"")*100} -> 100 | K37: =ROUND(((IF(G37="BELUM TERDATA",0,G37)*30)+(IF(H37="NON-AC ICON",100,H37)*15)+(IF(I37="TIDAK ADA GENSET",100,I37)*15)+(IF(J37="",100,J37)*40))/100,0) -> 100 | L37: =IF(K37>=80,"GOOD CONDITION",IF(K37>=60,"WARNING", IF(K37>=40,"NEED CHECK", "DANGEROUS"))) -> GOOD CONDITION
A38: SURABAYA | B38: POP-D | C38: POP_1SDA10006_POP_1SDA018_BABADAN GI ODC PLN | D38: NON - OLT | E38: POP_1SDA10006 | F38: ODC 3 PINTU | G38: {=IFERROR(INDEX('PM POWERSUPPLY RJBT1'!BC:BC,MATCH(E38,'PM POWERSUPPLY RJBT1'!B:B,0)),"BELUM TERDATA")} -> 100 | H38: {=IFERROR(INDEX('PM AC RJBT'!J:J,MATCH(E38,'PM AC RJBT'!A:A,0)),"NON-AC ICON")} -> 100 | I38: {=IFERROR(INDEX('PM GENSET RJBT'!AJ:AJ,MATCH(E38,'PM GENSET RJBT'!B:B,0)),"TIDAK ADA GENSET")} -> TIDAK ADA GENSET | J38: {=IFERROR(INDEX('PM POP RJBT'!P:P,MATCH(E38,'PM POP RJBT'!D:D,0)),"BELUM PM")*100} -> 0 | K38: =ROUND(((IF(G38="BELUM TERDATA",0,G38)*30)+(IF(H38="NON-AC ICON",100,H38)*15)+(IF(I38="TIDAK ADA GENSET",100,I38)*15)+(IF(J38="",100,J38)*40))/100,0) -> 60 | L38: =IF(K38>=80,"GOOD CONDITION",IF(K38>=60,"WARNING", IF(K38>=40,"NEED CHECK", "DANGEROUS"))) -> WARNING
A39: SURABAYA | B39: POP-D | C39: POP_1LMG006_BABAT ULP ODC 3 PINTU PLN | D39: NON - OLT | E39: POP_1LMG006 | G39: {=IFERROR(INDEX('PM POWERSUPPLY RJBT1'!BC:BC,MATCH(E39,'PM POWERSUPPLY RJBT1'!B:B,0)),"BELUM TERDATA")} -> 100 | H39: {=IFERROR(INDEX('PM AC RJBT'!J:J,MATCH(E39,'PM AC RJBT'!A:A,0)),"NON-AC ICON")} -> 100 | I39: {=IFERROR(INDEX('PM GENSET RJBT'!AJ:AJ,MATCH(E39,'PM GENSET RJBT'!B:B,0)),"TIDAK ADA GENSET")} -> TIDAK ADA GENSET | J39: {=IFERROR(INDEX('PM POP RJBT'!P:P,MATCH(E39,'PM POP RJBT'!D:D,0)),"")*100} -> 0 | K39: =ROUND(((IF(G39="BELUM TERDATA",0,G39)*30)+(IF(H39="NON-AC ICON",100,H39)*15)+(IF(I39="TIDAK ADA GENSET",100,I39)*15)+(IF(J39="",100,J39)*40))/100,0) -> 60 | L39: =IF(K39>=80,"GOOD CONDITION",IF(K39>=60,"WARNING", IF(K39>=40,"NEED CHECK", "DANGEROUS"))) -> WARNING
A40: SURABAYA | B40: POP-D | C40: POP_1MJK10034_BALAI DESA SEDURI MOJOSARI ODC | D40: NON - OLT | E40: POP_1MJK10034 | G40: {=IFERROR(INDEX('PM POWERSUPPLY RJBT1'!BC:BC,MATCH(E40,'PM POWERSUPPLY RJBT1'!B:B,0)),"BELUM TERDATA")} -> 100 | H40: {=IFERROR(INDEX('PM AC RJBT'!J:J,MATCH(E40,'PM AC RJBT'!A:A,0)),"NON-AC ICON")} -> 100 | I40: {=IFERROR(INDEX('PM GENSET RJBT'!AJ:AJ,MATCH(E40,'PM GENSET RJBT'!B:B,0)),"TIDAK ADA GENSET")} -> TIDAK ADA GENSET | J40: {=IFERROR(INDEX('PM POP RJBT'!P:P,MATCH(E40,'PM POP RJBT'!D:D,0)),"")*100} -> 100 | K40: =ROUND(((IF(G40="BELUM TERDATA",0,G40)*30)+(IF(H40="NON-AC ICON",100,H40)*15)+(IF(I40="TIDAK ADA GENSET",100,I40)*15)+(IF(J40="",100,J40)*40))/100,0) -> 100 | L40: =IF(K40>=80,"GOOD CONDITION",IF(K40>=60,"WARNING", IF(K40>=40,"NEED CHECK", "DANGEROUS"))) -> GOOD CONDITION
A41: SURABAYA | B41: POP-D | C41: POP_1SDA10121_BALONGBENDO GI ODC PLN | D41: NON - OLT | E41: POP_1SDA10121 | G41: {=IFERROR(INDEX('PM POWERSUPPLY RJBT1'!BC:BC,MATCH(E41,'PM POWERSUPPLY RJBT1'!B:B,0)),"BELUM TERDATA")} -> 100 | H41: {=IFERROR(INDEX('PM AC RJBT'!J:J,MATCH(E41,'PM AC RJBT'!A:A,0)),"NON-AC ICON")} -> 100 | I41: {=IFERROR(INDEX('PM GENSET RJBT'!AJ:AJ,MATCH(E41,'PM GENSET RJBT'!B:B,0)),"TIDAK ADA GENSET")} -> TIDAK ADA GENSET | J41: {=IFERROR(INDEX('PM POP RJBT'!P:P,MATCH(E41,'PM POP RJBT'!D:D,0)),"")*100} -> 100 | K41: =ROUND(((IF(G41="BELUM TERDATA",0,G41)*30)+(IF(H41="NON-AC ICON",100,H41)*15)+(IF(I41="TIDAK ADA GENSET",100,I41)*15)+(IF(J41="",100,J41)*40))/100,0) -> 100 | L41: =IF(K41>=80,"GOOD CONDITION",IF(K41>=60,"WARNING", IF(K41>=40,"NEED CHECK", "DANGEROUS"))) -> GOOD CONDITION
A42: MALANG | B42: POP-D | C42: POP_1KDR001_BANARAN GI PLC PLN | D42: NON - OLT | E42: POP_1KDR001 | F42: PLC | G42: {=IFERROR(INDEX('PM POWERSUPPLY RJBT1'!BC:BC,MATCH(E42,'PM POWERSUPPLY RJBT1'!B:B,0)),"BELUM TERDATA")} -> 100 | H42: {=IFERROR(INDEX('PM AC RJBT'!J:J,MATCH(E42,'PM AC RJBT'!A:A,0)),"NON-AC ICON")} -> NON-AC ICON | I42: {=IFERROR(INDEX('PM GENSET RJBT'!AJ:AJ,MATCH(E42,'PM GENSET RJBT'!B:B,0)),"TIDAK ADA GENSET")} -> TIDAK ADA GENSET | J42: {=IFERROR(INDEX('PM POP RJBT'!P:P,MATCH(E42,'PM POP RJBT'!D:D,0)),"")*100} -> 100 | K42: =ROUND(((IF(G42="BELUM TERDATA",0,G42)*30)+(IF(H42="NON-AC ICON",100,H42)*15)+(IF(I42="TIDAK ADA GENSET",100,I42)*15)+(IF(J42="",100,J42)*40))/100,0) -> 100 | L42: =IF(K42>=80,"GOOD CONDITION",IF(K42>=60,"WARNING", IF(K42>=40,"NEED CHECK", "DANGEROUS"))) -> GOOD CONDITION
A43: MALANG | B43: POP-D | C43: POP_1PSR002_BANGIL GI PLC PLN | D43: NON - OLT | E43: POP_1PSR002 | F43: PLC | G43: {=IFERROR(INDEX('PM POWERSUPPLY RJBT1'!BC:BC,MATCH(E43,'PM POWERSUPPLY RJBT1'!B:B,0)),"BELUM TERDATA")} -> 100 | H43: {=IFERROR(INDEX('PM AC RJBT'!J:J,MATCH(E43,'PM AC RJBT'!A:A,0)),"NON-AC ICON")} -> NON-AC ICON | I43: {=IFERROR(INDEX('PM GENSET RJBT'!AJ:AJ,MATCH(E43,'PM GENSET RJBT'!B:B,0)),"TIDAK ADA GENSET")} -> TIDAK ADA GENSET | J43: {=IFERROR(INDEX('PM POP RJBT'!P:P,MATCH(E43,'PM POP RJBT'!D:D,0)),"")*100} -> 0 | K43: =ROUND(((IF(G43="BELUM TERDATA",0,G43)*30)+(IF(H43="NON-AC ICON",100,H43)*15)+(IF(I43="TIDAK ADA GENSET",100,I43)*15)+(IF(J43="",100,J43)*40))/100,0) -> 60 | L43: =IF(K43>=80,"GOOD CONDITION",IF(K43>=60,"WARNING", IF(K43>=40,"NEED CHECK", "DANGEROUS"))) -> WARNING
A44: SURABAYA | B44: POP-D | C44: POP_1BKL001_BANGKALAN ULP PLN | D44: NON - OLT | E44: POP_1BKL001 | G44: {=IFERROR(INDEX('PM POWERSUPPLY RJBT1'!BC:BC,MATCH(E44,'PM POWERSUPPLY RJBT1'!B:B,0)),"BELUM TERDATA")} -> 100 | H44: {=IFERROR(INDEX('PM AC RJBT'!J:J,MATCH(E44,'PM AC RJBT'!A:A,0)),"NON-AC ICON")} -> 100 | I44: {=IFERROR(INDEX('PM GENSET RJBT'!AJ:AJ,MATCH(E44,'PM GENSET RJBT'!B:B,0)),"TIDAK ADA GENSET")} -> TIDAK ADA GENSET | J44: {=IFERROR(INDEX('PM POP RJBT'!P:P,MATCH(E44,'PM POP RJBT'!D:D,0)),"")*100} -> 0 | K44: =ROUND(((IF(G44="BELUM TERDATA",0,G44)*30)+(IF(H44="NON-AC ICON",100,H44)*15)+(IF(I44="TIDAK ADA GENSET",100,I44)*15)+(IF(J44="",100,J44)*40))/100,0) -> 60 | L44: =IF(K44>=80,"GOOD CONDITION",IF(K44>=60,"WARNING", IF(K44>=40,"NEED CHECK", "DANGEROUS"))) -> WARNING
A45: JEMBER | B45: POP-D | C45: POP_1BYW10000_BANYUWANGI UP3 ODC PLN | D45: NON - OLT | E45: POP_1BYW10000 | G45: {=IFERROR(INDEX('PM POWERSUPPLY RJBT1'!BC:BC,MATCH(E45,'PM POWERSUPPLY RJBT1'!B:B,0)),"BELUM TERDATA")} -> 100 | H45: {=IFERROR(INDEX('PM AC RJBT'!J:J,MATCH(E45,'PM AC RJBT'!A:A,0)),"NON-AC ICON")} -> 100 | I45: {=IFERROR(INDEX('PM GENSET RJBT'!AJ:AJ,MATCH(E45,'PM GENSET RJBT'!B:B,0)),"TIDAK ADA GENSET")} -> TIDAK ADA GENSET | J45: {=IFERROR(INDEX('PM POP RJBT'!P:P,MATCH(E45,'PM POP RJBT'!D:D,0)),"")*100} -> 100 | K45: =ROUND(((IF(G45="BELUM TERDATA",0,G45)*30)+(IF(H45="NON-AC ICON",100,H45)*15)+(IF(I45="TIDAK ADA GENSET",100,I45)*15)+(IF(J45="",100,J45)*40))/100,0) -> 100 | L45: =IF(K45>=80,"GOOD CONDITION",IF(K45>=60,"WARNING", IF(K45>=40,"NEED CHECK", "DANGEROUS"))) -> GOOD CONDITION
A46: JEMBER | B46: POP-D | C46: POP_1BYW003_BANYUWANGI UP3 PLN | D46: NON - OLT | E46: POP_1BYW003 | G46: {=IFERROR(INDEX('PM POWERSUPPLY RJBT1'!BC:BC,MATCH(E46,'PM POWERSUPPLY RJBT1'!B:B,0)),"BELUM TERDATA")} -> 100 | H46: {=IFERROR(INDEX('PM AC RJBT'!J:J,MATCH(E46,'PM AC RJBT'!A:A,0)),"NON-AC ICON")} -> 100 | I46: {=IFERROR(INDEX('PM GENSET RJBT'!AJ:AJ,MATCH(E46,'PM GENSET RJBT'!B:B,0)),"TIDAK ADA GENSET")} -> TIDAK ADA GENSET | J46: {=IFERROR(INDEX('PM POP RJBT'!P:P,MATCH(E46,'PM POP RJBT'!D:D,0)),"")*100} -> 100 | K46: =ROUND(((IF(G46="BELUM TERDATA",0,G46)*30)+(IF(H46="NON-AC ICON",100,H46)*15)+(IF(I46="TIDAK ADA GENSET",100,I46)*15)+(IF(J46="",100,J46)*40))/100,0) -> 100 | L46: =IF(K46>=80,"GOOD CONDITION",IF(K46>=60,"WARNING", IF(K46>=40,"NEED CHECK", "DANGEROUS"))) -> GOOD CONDITION
A47: MALANG | B47: POP-D | C47: POP_1BTU001_BATU ULP ODC-01 PLN | D47: NON - OLT | E47: POP_1BTU001 | G47: {=IFERROR(INDEX('PM POWERSUPPLY RJBT1'!BC:BC,MATCH(E47,'PM POWERSUPPLY RJBT1'!B:B,0)),"BELUM TERDATA")} -> 100 | H47: {=IFERROR(INDEX('PM AC RJBT'!J:J,MATCH(E47,'PM AC RJBT'!A:A,0)),"NON-AC ICON")} -> 100 | I47: {=IFERROR(INDEX('PM GENSET RJBT'!AJ:AJ,MATCH(E47,'PM GENSET RJBT'!B:B,0)),"TIDAK ADA GENSET")} -> TIDAK ADA GENSET | J47: {=IFERROR(INDEX('PM POP RJBT'!P:P,MATCH(E47,'PM POP RJBT'!D:D,0)),"")*100} -> 100 | K47: =ROUND(((IF(G47="BELUM TERDATA",0,G47)*30)+(IF(H47="NON-AC ICON",100,H47)*15)+(IF(I47="TIDAK ADA GENSET",100,I47)*15)+(IF(J47="",100,J47)*40))/100,0) -> 100 | L47: =IF(K47>=80,"GOOD CONDITION",IF(K47>=60,"WARNING", IF(K47>=40,"NEED CHECK", "DANGEROUS"))) -> GOOD CONDITION
A48: MALANG | B48: POP-D | C48: POP_1BTU10001_BATU ULP ODC-02 PLN | D48: NON - OLT | E48: POP_1BTU10001 | G48: {=IFERROR(INDEX('PM POWERSUPPLY RJBT1'!BC:BC,MATCH(E48,'PM POWERSUPPLY RJBT1'!B:B,0)),"BELUM TERDATA")} -> 100 | H48: {=IFERROR(INDEX('PM AC RJBT'!J:J,MATCH(E48,'PM AC RJBT'!A:A,0)),"NON-AC ICON")} -> 100 | I48: {=IFERROR(INDEX('PM GENSET RJBT'!AJ:AJ,MATCH(E48,'PM GENSET RJBT'!B:B,0)),"TIDAK ADA GENSET")} -> TIDAK ADA GENSET | J48: {=IFERROR(INDEX('PM POP RJBT'!P:P,MATCH(E48,'PM POP RJBT'!D:D,0)),"")*100} -> 100 | K48: =ROUND(((IF(G48="BELUM TERDATA",0,G48)*30)+(IF(H48="NON-AC ICON",100,H48)*15)+(IF(I48="TIDAK ADA GENSET",100,I48)*15)+(IF(J48="",100,J48)*40))/100,0) -> 100 | L48: =IF(K48>=80,"GOOD CONDITION",IF(K48>=60,"WARNING", IF(K48>=40,"NEED CHECK", "DANGEROUS"))) -> GOOD CONDITION
A49: SURABAYA | B49: POP-D | C49: POP_1PMK006_BATUMARMAR ULP PLN | D49: NON - OLT | E49: POP_1PMK006 | G49: {=IFERROR(INDEX('PM POWERSUPPLY RJBT1'!BC:BC,MATCH(E49,'PM POWERSUPPLY RJBT1'!B:B,0)),"BELUM TERDATA")} -> 100 | H49: {=IFERROR(INDEX('PM AC RJBT'!J:J,MATCH(E49,'PM AC RJBT'!A:A,0)),"NON-AC ICON")} -> NON-AC ICON | I49: {=IFERROR(INDEX('PM GENSET RJBT'!AJ:AJ,MATCH(E49,'PM GENSET RJBT'!B:B,0)),"TIDAK ADA GENSET")} -> TIDAK ADA GENSET | J49: {=IFERROR(INDEX('PM POP RJBT'!P:P,MATCH(E49,'PM POP RJBT'!D:D,0)),"")*100} -> 0 | K49: =ROUND(((IF(G49="BELUM TERDATA",0,G49)*30)+(IF(H49="NON-AC ICON",100,H49)*15)+(IF(I49="TIDAK ADA GENSET",100,I49)*15)+(IF(J49="",100,J49)*40))/100,0) -> 60 | L49: =IF(K49>=80,"GOOD CONDITION",IF(K49>=60,"WARNING", IF(K49>=40,"NEED CHECK", "DANGEROUS"))) -> WARNING
A50: SURABAYA | B50: POP-D | C50: POP_1GSK003_BENJENG ULP MINI ODC | D50: NON - OLT | E50: POP_1GSK003 | G50: {=IFERROR(INDEX('PM POWERSUPPLY RJBT1'!BC:BC,MATCH(E50,'PM POWERSUPPLY RJBT1'!B:B,0)),"BELUM TERDATA")} -> 100 | H50: {=IFERROR(INDEX('PM AC RJBT'!J:J,MATCH(E50,'PM AC RJBT'!A:A,0)),"NON-AC ICON")} -> 100 | I50: {=IFERROR(INDEX('PM GENSET RJBT'!AJ:AJ,MATCH(E50,'PM GENSET RJBT'!B:B,0)),"TIDAK ADA GENSET")} -> TIDAK ADA GENSET | J50: {=IFERROR(INDEX('PM POP RJBT'!P:P,MATCH(E50,'PM POP RJBT'!D:D,0)),"")*100} -> 100 | K50: =ROUND(((IF(G50="BELUM TERDATA",0,G50)*30)+(IF(H50="NON-AC ICON",100,H50)*15)+(IF(I50="TIDAK ADA GENSET",100,I50)*15)+(IF(J50="",100,J50)*40))/100,0) -> 100 | L50: =IF(K50>=80,"GOOD CONDITION",IF(K50>=60,"WARNING", IF(K50>=40,"NEED CHECK", "DANGEROUS"))) -> GOOD CONDITION
A51: SURABAYA | B51: POP-D | C51: POP_1SIT003_BESUKI ULP PLN | D51: NON - OLT | E51: POP_1SIT003 | G51: {=IFERROR(INDEX('PM POWERSUPPLY RJBT1'!BC:BC,MATCH(E51,'PM POWERSUPPLY RJBT1'!B:B,0)),"BELUM TERDATA")} -> 100 | H51: {=IFERROR(INDEX('PM AC RJBT'!J:J,MATCH(E51,'PM AC RJBT'!A:A,0)),"NON-AC ICON")} -> 100 | I51: {=IFERROR(INDEX('PM GENSET RJBT'!AJ:AJ,MATCH(E51,'PM GENSET RJBT'!B:B,0)),"TIDAK ADA GENSET")} -> TIDAK ADA GENSET | J51: {=IFERROR(INDEX('PM POP RJBT'!P:P,MATCH(E51,'PM POP RJBT'!D:D,0)),"")*100} -> 100 | K51: =ROUND(((IF(G51="BELUM TERDATA",0,G51)*30)+(IF(H51="NON-AC ICON",100,H51)*15)+(IF(I51="TIDAK ADA GENSET",100,I51)*15)+(IF(J51="",100,J51)*40))/100,0) -> 100 | L51: =IF(K51>=80,"GOOD CONDITION",IF(K51>=60,"WARNING", IF(K51>=40,"NEED CHECK", "DANGEROUS"))) -> GOOD CONDITION
A52: MALANG | B52: POP-D | C52: POP_1KNR009_BINANGUN KANTOR CAMAT MINI ODC | D52: NON - OLT | E52: POP_1KNR009 | G52: {=IFERROR(INDEX('PM POWERSUPPLY RJBT1'!BC:BC,MATCH(E52,'PM POWERSUPPLY RJBT1'!B:B,0)),"BELUM TERDATA")} -> 100 | H52: {=IFERROR(INDEX('PM AC RJBT'!J:J,MATCH(E52,'PM AC RJBT'!A:A,0)),"NON-AC ICON")} -> NON-AC ICON | I52: {=IFERROR(INDEX('PM GENSET RJBT'!AJ:AJ,MATCH(E52,'PM GENSET RJBT'!B:B,0)),"TIDAK ADA GENSET")} -> TIDAK ADA GENSET | J52: {=IFERROR(INDEX('PM POP RJBT'!P:P,MATCH(E52,'PM POP RJBT'!D:D,0)),"")*100} -> 0 | K52: =ROUND(((IF(G52="BELUM TERDATA",0,G52)*30)+(IF(H52="NON-AC ICON",100,H52)*15)+(IF(I52="TIDAK ADA GENSET",100,I52)*15)+(IF(J52="",100,J52)*40))/100,0) -> 60 | L52: =IF(K52>=80,"GOOD CONDITION",IF(K52>=60,"WARNING", IF(K52>=40,"NEED CHECK", "DANGEROUS"))) -> WARNING
A53: MALANG | B53: POP-D | C53: POP_1MLG10012_BLIMBING GI ODC PLN | D53: NON - OLT | E53: POP_1MLG10012 | G53: {=IFERROR(INDEX('PM POWERSUPPLY RJBT1'!BC:BC,MATCH(E53,'PM POWERSUPPLY RJBT1'!B:B,0)),"BELUM TERDATA")} -> 100 | H53: {=IFERROR(INDEX('PM AC RJBT'!J:J,MATCH(E53,'PM AC RJBT'!A:A,0)),"NON-AC ICON")} -> 100 | I53: {=IFERROR(INDEX('PM GENSET RJBT'!AJ:AJ,MATCH(E53,'PM GENSET RJBT'!B:B,0)),"TIDAK ADA GENSET")} -> TIDAK ADA GENSET | J53: {=IFERROR(INDEX('PM POP RJBT'!P:P,MATCH(E53,'PM POP RJBT'!D:D,0)),"")*100} -> 100 | K53: =ROUND(((IF(G53="BELUM TERDATA",0,G53)*30)+(IF(H53="NON-AC ICON",100,H53)*15)+(IF(I53="TIDAK ADA GENSET",100,I53)*15)+(IF(J53="",100,J53)*40))/100,0) -> 100 | L53: =IF(K53>=80,"GOOD CONDITION",IF(K53>=60,"WARNING", IF(K53>=40,"NEED CHECK", "DANGEROUS"))) -> GOOD CONDITION
A54: MALANG | B54: POP-D | C54: POP_1KPN011_BLIMBING ULP MINI ODC PLN | D54: NON - OLT | E54: POP_1KPN011 | G54: {=IFERROR(INDEX('PM POWERSUPPLY RJBT1'!BC:BC,MATCH(E54,'PM POWERSUPPLY RJBT1'!B:B,0)),"BELUM TERDATA")} -> 100 | H54: {=IFERROR(INDEX('PM AC RJBT'!J:J,MATCH(E54,'PM AC RJBT'!A:A,0)),"NON-AC ICON")} -> 100 | I54: {=IFERROR(INDEX('PM GENSET RJBT'!AJ:AJ,MATCH(E54,'PM GENSET RJBT'!B:B,0)),"TIDAK ADA GENSET")} -> TIDAK ADA GENSET | J54: {=IFERROR(INDEX('PM POP RJBT'!P:P,MATCH(E54,'PM POP RJBT'!D:D,0)),"")*100} -> 100 | K54: =ROUND(((IF(G54="BELUM TERDATA",0,G54)*30)+(IF(H54="NON-AC ICON",100,H54)*15)+(IF(I54="TIDAK ADA GENSET",100,I54)*15)+(IF(J54="",100,J54)*40))/100,0) -> 100 | L54: =IF(K54>=80,"GOOD CONDITION",IF(K54>=60,"WARNING", IF(K54>=40,"NEED CHECK", "DANGEROUS"))) -> GOOD CONDITION
A55: MALANG | B55: POP-D | C55: POP_1BLT10002_BLITAR GI ODC PLN | D55: NON - OLT | E55: POP_1BLT10002 | G55: {=IFERROR(INDEX('PM POWERSUPPLY RJBT1'!BC:BC,MATCH(E55,'PM POWERSUPPLY RJBT1'!B:B,0)),"BELUM TERDATA")} -> 100 | H55: {=IFERROR(INDEX('PM AC RJBT'!J:J,MATCH(E55,'PM AC RJBT'!A:A,0)),"NON-AC ICON")} -> 100 | I55: {=IFERROR(INDEX('PM GENSET RJBT'!AJ:AJ,MATCH(E55,'PM GENSET RJBT'!B:B,0)),"TIDAK ADA GENSET")} -> TIDAK ADA GENSET | J55: {=IFERROR(INDEX('PM POP RJBT'!P:P,MATCH(E55,'PM POP RJBT'!D:D,0)),"")*100} -> 100 | K55: =ROUND(((IF(G55="BELUM TERDATA",0,G55)*30)+(IF(H55="NON-AC ICON",100,H55)*15)+(IF(I55="TIDAK ADA GENSET",100,I55)*15)+(IF(J55="",100,J55)*40))/100,0) -> 100 | L55: =IF(K55>=80,"GOOD CONDITION",IF(K55>=60,"WARNING", IF(K55>=40,"NEED CHECK", "DANGEROUS"))) -> GOOD CONDITION
... A88: MADIUN | B88: POP-D | C88: POP_1MJY002_DOLOPO ULP R12U PLN | D88: NON - OLT | E88: POP_1MJY002 | G88: {=IFERROR(INDEX('PM POWERSUPPLY RJBT1'!BC:BC,MATCH(E88,'PM POWERSUPPLY RJBT1'!B:B,0)),"BELUM TERDATA")} -> 100 | H88: {=IFERROR(INDEX('PM AC RJBT'!J:J,MATCH(E88,'PM AC RJBT'!A:A,0)),"NON-AC ICON")} -> NON-AC ICON | I88: {=IFERROR(INDEX('PM GENSET RJBT'!AJ:AJ,MATCH(E88,'PM GENSET RJBT'!B:B,0)),"TIDAK ADA GENSET")} -> TIDAK ADA GENSET | J88: {=IFERROR(INDEX('PM POP RJBT'!P:P,MATCH(E88,'PM POP RJBT'!D:D,0)),"")*100} -> 0 | K88: =ROUND(((IF(G88="BELUM TERDATA",0,G88)*30)+(IF(H88="NON-AC ICON",100,H88)*15)+(IF(I88="TIDAK ADA GENSET",100,I88)*15)+(IF(J88="",100,J88)*40))/100,0) -> 60 | L88: =IF(K88>=80,"GOOD CONDITION",IF(K88>=60,"WARNING", IF(K88>=40,"NEED CHECK", "DANGEROUS"))) -> WARNING
A89: SURABAYA | B89: POP-D | C89: POP_1SBY005_DUKUH KUPANG ULP SHELTER PLN | D89: NON - OLT | E89: POP_1SBY005 | F89: SHELTER | G89: {=IFERROR(INDEX('PM POWERSUPPLY RJBT1'!BC:BC,MATCH(E89,'PM POWERSUPPLY RJBT1'!B:B,0)),"BELUM TERDATA")} -> 100 | H89: {=IFERROR(INDEX('PM AC RJBT'!J:J,MATCH(E89,'PM AC RJBT'!A:A,0)),"NON-AC ICON")} -> 100 | I89: {=IFERROR(INDEX('PM GENSET RJBT'!AJ:AJ,MATCH(E89,'PM GENSET RJBT'!B:B,0)),"TIDAK ADA GENSET")} -> TIDAK ADA GENSET | J89: {=IFERROR(INDEX('PM POP RJBT'!P:P,MATCH(E89,'PM POP RJBT'!D:D,0)),"")*100} -> 100 | K89: =ROUND(((IF(G89="BELUM TERDATA",0,G89)*30)+(IF(H89="NON-AC ICON",100,H89)*15)+(IF(I89="TIDAK ADA GENSET",100,I89)*15)+(IF(J89="",100,J89)*40))/100,0) -> 100 | L89: =IF(K89>=80,"GOOD CONDITION",IF(K89>=60,"WARNING", IF(K89>=40,"NEED CHECK", "DANGEROUS"))) -> GOOD CONDITION
A90: MALANG | B90: POP-D | C90: POP_1BLT004_GARUM KANTOR CAMAT MINI ODC | D90: NON - OLT | E90: POP_1BLT004 | G90: {=IFERROR(INDEX('PM POWERSUPPLY RJBT1'!BC:BC,MATCH(E90,'PM POWERSUPPLY RJBT1'!B:B,0)),"BELUM TERDATA")} -> 100 | H90: {=IFERROR(INDEX('PM AC RJBT'!J:J,MATCH(E90,'PM AC RJBT'!A:A,0)),"NON-AC ICON")} -> NON-AC ICON | I90: {=IFERROR(INDEX('PM GENSET RJBT'!AJ:AJ,MATCH(E90,'PM GENSET RJBT'!B:B,0)),"TIDAK ADA GENSET")} -> TIDAK ADA GENSET | J90: {=IFERROR(INDEX('PM POP RJBT'!P:P,MATCH(E90,'PM POP RJBT'!D:D,0)),"")*100} -> 0 | K90: =ROUND(((IF(G90="BELUM TERDATA",0,G90)*30)+(IF(H90="NON-AC ICON",100,H90)*15)+(IF(I90="TIDAK ADA GENSET",100,I90)*15)+(IF(J90="",100,J90)*40))/100,0) -> 60 | L90: =IF(K90>=80,"GOOD CONDITION",IF(K90>=60,"WARNING", IF(K90>=40,"NEED CHECK", "DANGEROUS"))) -> WARNING
A91: SURABAYA | B91: POP-D | C91: POP_1SDA008_GEDANGAN ULP PLN MINI ODC | D91: NON - OLT | E91: POP_1SDA008 | G91: {=IFERROR(INDEX('PM POWERSUPPLY RJBT1'!BC:BC,MATCH(E91,'PM POWERSUPPLY RJBT1'!B:B,0)),"BELUM TERDATA")} -> 100 | H91: {=IFERROR(INDEX('PM AC RJBT'!J:J,MATCH(E91,'PM AC RJBT'!A:A,0)),"NON-AC ICON")} -> NON-AC ICON | I91: {=IFERROR(INDEX('PM GENSET RJBT'!AJ:AJ,MATCH(E91,'PM GENSET RJBT'!B:B,0)),"TIDAK ADA GENSET")} -> TIDAK ADA GENSET | J91: {=IFERROR(INDEX('PM POP RJBT'!P:P,MATCH(E91,'PM POP RJBT'!D:D,0)),"")*100} -> 100 | K91: =ROUND(((IF(G91="BELUM TERDATA",0,G91)*30)+(IF(H91="NON-AC ICON",100,H91)*15)+(IF(I91="TIDAK ADA GENSET",100,I91)*15)+(IF(J91="",100,J91)*40))/100,0) -> 100 | L91: =IF(K91>=80,"GOOD CONDITION",IF(K91>=60,"WARNING", IF(K91>=40,"NEED CHECK", "DANGEROUS"))) -> GOOD CONDITION
A92: SURABAYA | B92: POP-D | C92: POP_1SBY016_GEDUNG SIGMA | D92: NON - OLT | E92: POP_1SBY016 | G92: {=IFERROR(INDEX('PM POWERSUPPLY RJBT1'!BC:BC,MATCH(E92,'PM POWERSUPPLY RJBT1'!B:B,0)),"BELUM TERDATA")} -> BELUM TERDATA | H92: {=IFERROR(INDEX('PM AC RJBT'!J:J,MATCH(E92,'PM AC RJBT'!A:A,0)),"NON-AC ICON")} -> NON-AC ICON | I92: {=IFERROR(INDEX('PM GENSET RJBT'!AJ:AJ,MATCH(E92,'PM GENSET RJBT'!B:B,0)),"TIDAK ADA GENSET")} -> TIDAK ADA GENSET | J92: {=IFERROR(INDEX('PM POP RJBT'!P:P,MATCH(E92,'PM POP RJBT'!D:D,0)),"")*100} -> 0 | K92: =ROUND(((IF(G92="BELUM TERDATA",0,G92)*30)+(IF(H92="NON-AC ICON",100,H92)*15)+(IF(I92="TIDAK ADA GENSET",100,I92)*15)+(IF(J92="",100,J92)*40))/100,0) -> 30 | L92: =IF(K92>=80,"GOOD CONDITION",IF(K92>=60,"WARNING", IF(K92>=40,"NEED CHECK", "DANGEROUS"))) -> DANGEROUS
A93: JEMBER | B93: POP-D | C93: POP_1BYW00002_GENTENG ULP PLN | D93: NON - OLT | E93: POP_1BYW002 | G93: {=IFERROR(INDEX('PM POWERSUPPLY RJBT1'!BC:BC,MATCH(E93,'PM POWERSUPPLY RJBT1'!B:B,0)),"BELUM TERDATA")} -> 85 | H93: {=IFERROR(INDEX('PM AC RJBT'!J:J,MATCH(E93,'PM AC RJBT'!A:A,0)),"NON-AC ICON")} -> 100 | I93: {=IFERROR(INDEX('PM GENSET RJBT'!AJ:AJ,MATCH(E93,'PM GENSET RJBT'!B:B,0)),"TIDAK ADA GENSET")} -> TIDAK ADA GENSET | J93: {=IFERROR(INDEX('PM POP RJBT'!P:P,MATCH(E93,'PM POP RJBT'!D:D,0)),"")*100} -> 200 | K93: =ROUND(((IF(G93="BELUM TERDATA",0,G93)*30)+(IF(H93="NON-AC ICON",100,H93)*15)+(IF(I93="TIDAK ADA GENSET",100,I93)*15)+(IF(J93="",100,J93)*40))/100,0) -> 136 | L93: =IF(K93>=80,"GOOD CONDITION",IF(K93>=60,"WARNING", IF(K93>=40,"NEED CHECK", "DANGEROUS"))) -> GOOD CONDITION
A94: MALANG | B94: POP-D | C94: POP_1KPN005_GONDANG LEGI ULP ODC PLN | D94: NON - OLT | E94: POP_1KPN005 | G94: {=IFERROR(INDEX('PM POWERSUPPLY RJBT1'!BC:BC,MATCH(E94,'PM POWERSUPPLY RJBT1'!B:B,0)),"BELUM TERDATA")} -> 100 | H94: {=IFERROR(INDEX('PM AC RJBT'!J:J,MATCH(E94,'PM AC RJBT'!A:A,0)),"NON-AC ICON")} -> 100 | I94: {=IFERROR(INDEX('PM GENSET RJBT'!AJ:AJ,MATCH(E94,'PM GENSET RJBT'!B:B,0)),"TIDAK ADA GENSET")} -> TIDAK ADA GENSET | J94: {=IFERROR(INDEX('PM POP RJBT'!P:P,MATCH(E94,'PM POP RJBT'!D:D,0)),"")*100} -> 100 | K94: =ROUND(((IF(G94="BELUM TERDATA",0,G94)*30)+(IF(H94="NON-AC ICON",100,H94)*15)+(IF(I94="TIDAK ADA GENSET",100,I94)*15)+(IF(J94="",100,J94)*40))/100,0) -> 100 | L94: =IF(K94>=80,"GOOD CONDITION",IF(K94>=60,"WARNING", IF(K94>=40,"NEED CHECK", "DANGEROUS"))) -> GOOD CONDITION
A95: MALANG | B95: POP-D | C95: POP_1PSR018_GRATI SHELTER GITET PLN | D95: NON - OLT | E95: POP_1PSR018 | F95: SHELTER | G95: {=IFERROR(INDEX('PM POWERSUPPLY RJBT1'!BC:BC,MATCH(E95,'PM POWERSUPPLY RJBT1'!B:B,0)),"BELUM TERDATA")} -> 100 | H95: {=IFERROR(INDEX('PM AC RJBT'!J:J,MATCH(E95,'PM AC RJBT'!A:A,0)),"NON-AC ICON")} -> 100 | I95: {=IFERROR(INDEX('PM GENSET RJBT'!AJ:AJ,MATCH(E95,'PM GENSET RJBT'!B:B,0)),"TIDAK ADA GENSET")} -> 100 | J95: {=IFERROR(INDEX('PM POP RJBT'!P:P,MATCH(E95,'PM POP RJBT'!D:D,0)),"")*100} -> 100 | K95: =ROUND(((IF(G95="BELUM TERDATA",0,G95)*30)+(IF(H95="NON-AC ICON",100,H95)*15)+(IF(I95="TIDAK ADA GENSET",100,I95)*15)+(IF(J95="",100,J95)*40))/100,0) -> 100 | L95: =IF(K95>=80,"GOOD CONDITION",IF(K95>=60,"WARNING", IF(K95>=40,"NEED CHECK", "DANGEROUS"))) -> GOOD CONDITION
A96: MALANG | B96: POP-D | C96: POP_1PSR10012_GRATI ULP ODC PLN | D96: NON - OLT | E96: POP_1PSR10012 | G96: {=IFERROR(INDEX('PM POWERSUPPLY RJBT1'!BC:BC,MATCH(E96,'PM POWERSUPPLY RJBT1'!B:B,0)),"BELUM TERDATA")} -> 100 | H96: {=IFERROR(INDEX('PM AC RJBT'!J:J,MATCH(E96,'PM AC RJBT'!A:A,0)),"NON-AC ICON")} -> 100 | I96: {=IFERROR(INDEX('PM GENSET RJBT'!AJ:AJ,MATCH(E96,'PM GENSET RJBT'!B:B,0)),"TIDAK ADA GENSET")} -> TIDAK ADA GENSET | J96: {=IFERROR(INDEX('PM POP RJBT'!P:P,MATCH(E96,'PM POP RJBT'!D:D,0)),"")*100} -> 100 | K96: =ROUND(((IF(G96="BELUM TERDATA",0,G96)*30)+(IF(H96="NON-AC ICON",100,H96)*15)+(IF(I96="TIDAK ADA GENSET",100,I96)*15)+(IF(J96="",100,J96)*40))/100,0) -> 100 | L96: =IF(K96>=80,"GOOD CONDITION",IF(K96>=60,"WARNING", IF(K96>=40,"NEED CHECK", "DANGEROUS"))) -> GOOD CONDITION
A97: MALANG | B97: POP-D | C97: POP_1PSR006_GRATI ULP R12U PLN | D97: NON - OLT | E97: POP_1PSR006 | G97: {=IFERROR(INDEX('PM POWERSUPPLY RJBT1'!BC:BC,MATCH(E97,'PM POWERSUPPLY RJBT1'!B:B,0)),"BELUM TERDATA")} -> 100 | H97: {=IFERROR(INDEX('PM AC RJBT'!J:J,MATCH(E97,'PM AC RJBT'!A:A,0)),"NON-AC ICON")} -> NON-AC ICON | I97: {=IFERROR(INDEX('PM GENSET RJBT'!AJ:AJ,MATCH(E97,'PM GENSET RJBT'!B:B,0)),"TIDAK ADA GENSET")} -> TIDAK ADA GENSET | J97: {=IFERROR(INDEX('PM POP RJBT'!P:P,MATCH(E97,'PM POP RJBT'!D:D,0)),"")*100} -> 100 | K97: =ROUND(((IF(G97="BELUM TERDATA",0,G97)*30)+(IF(H97="NON-AC ICON",100,H97)*15)+(IF(I97="TIDAK ADA GENSET",100,I97)*15)+(IF(J97="",100,J97)*40))/100,0) -> 100 | L97: =IF(K97>=80,"GOOD CONDITION",IF(K97>=60,"WARNING", IF(K97>=40,"NEED CHECK", "DANGEROUS"))) -> GOOD CONDITION
A98: SURABAYA | B98: POP-D | C98: POP_1GSK004_GRESIK UP3 SHELTER PLN | D98: NON - OLT | E98: POP_1GSK004 | F98: SHELTER | G98: {=IFERROR(INDEX('PM POWERSUPPLY RJBT1'!BC:BC,MATCH(E98,'PM POWERSUPPLY RJBT1'!B:B,0)),"BELUM TERDATA")} -> 100 | H98: {=IFERROR(INDEX('PM AC RJBT'!J:J,MATCH(E98,'PM AC RJBT'!A:A,0)),"NON-AC ICON")} -> 100 | I98: {=IFERROR(INDEX('PM GENSET RJBT'!AJ:AJ,MATCH(E98,'PM GENSET RJBT'!B:B,0)),"TIDAK ADA GENSET")} -> 100 | J98: {=IFERROR(INDEX('PM POP RJBT'!P:P,MATCH(E98,'PM POP RJBT'!D:D,0)),"")*100} -> 100 | K98: =ROUND(((IF(G98="BELUM TERDATA",0,G98)*30)+(IF(H98="NON-AC ICON",100,H98)*15)+(IF(I98="TIDAK ADA GENSET",100,I98)*15)+(IF(J98="",100,J98)*40))/100,0) -> 100 | L98: =IF(K98>=80,"GOOD CONDITION",IF(K98>=60,"WARNING", IF(K98>=40,"NEED CHECK", "DANGEROUS"))) -> GOOD CONDITION
A99: MADIUN | B99: POP-D | C99: POP_1MAD10000_GUDANG MADIUN PLTD ODC PLN | D99: NON - OLT | E99: POP_1MAD10000 | G99: {=IFERROR(INDEX('PM POWERSUPPLY RJBT1'!BC:BC,MATCH(E99,'PM POWERSUPPLY RJBT1'!B:B,0)),"BELUM TERDATA")} -> 100 | H99: {=IFERROR(INDEX('PM AC RJBT'!J:J,MATCH(E99,'PM AC RJBT'!A:A,0)),"NON-AC ICON")} -> 100 | I99: {=IFERROR(INDEX('PM GENSET RJBT'!AJ:AJ,MATCH(E99,'PM GENSET RJBT'!B:B,0)),"TIDAK ADA GENSET")} -> TIDAK ADA GENSET | J99: {=IFERROR(INDEX('PM POP RJBT'!P:P,MATCH(E99,'PM POP RJBT'!D:D,0)),"")*100} -> 100 | K99: =ROUND(((IF(G99="BELUM TERDATA",0,G99)*30)+(IF(H99="NON-AC ICON",100,H99)*15)+(IF(I99="TIDAK ADA GENSET",100,I99)*15)+(IF(J99="",100,J99)*40))/100,0) -> 100 | L99: =IF(K99>=80,"GOOD CONDITION",IF(K99>=60,"WARNING", IF(K99>=40,"NEED CHECK", "DANGEROUS"))) -> GOOD CONDITION
A100: SURABAYA | B100: POP-D | C100: POP_1SMP002_GULUK GULUK GI ODC 3 PINTU PLN | D100: NON - OLT | E100: POP_1SMP002 | G100: {=IFERROR(INDEX('PM POWERSUPPLY RJBT1'!BC:BC,MATCH(E100,'PM POWERSUPPLY RJBT1'!B:B,0)),"BELUM TERDATA")} -> 100 | H100: {=IFERROR(INDEX('PM AC RJBT'!J:J,MATCH(E100,'PM AC RJBT'!A:A,0)),"NON-AC ICON")} -> 100 | I100: {=IFERROR(INDEX('PM GENSET RJBT'!AJ:AJ,MATCH(E100,'PM GENSET RJBT'!B:B,0)),"TIDAK ADA GENSET")} -> TIDAK ADA GENSET | J100: {=IFERROR(INDEX('PM POP RJBT'!P:P,MATCH(E100,'PM POP RJBT'!D:D,0)),"")*100} -> 0 | K100: =ROUND(((IF(G100="BELUM TERDATA",0,G100)*30)+(IF(H100="NON-AC ICON",100,H100)*15)+(IF(I100="TIDAK ADA GENSET",100,I100)*15)+(IF(J100="",100,J100)*40))/100,0) -> 60 | L100: =IF(K100>=80,"GOOD CONDITION",IF(K100>=60,"WARNING", IF(K100>=40,"NEED CHECK", "DANGEROUS"))) -> WARNING
A101: SURABAYA | B101: POP-D | C101: POP_1SBY025_INDRAPURA ULP MINI ODC PLN | D101: NON - OLT | E101: POP_1SBY025 | G101: {=IFERROR(INDEX('PM POWERSUPPLY RJBT1'!BC:BC,MATCH(E101,'PM POWERSUPPLY RJBT1'!B:B,0)),"BELUM TERDATA")} -> 100 | H101: {=IFERROR(INDEX('PM AC RJBT'!J:J,MATCH(E101,'PM AC RJBT'!A:A,0)),"NON-AC ICON")} -> NON-AC ICON | I101: {=IFERROR(INDEX('PM GENSET RJBT'!AJ:AJ,MATCH(E101,'PM GENSET RJBT'!B:B,0)),"TIDAK ADA GENSET")} -> TIDAK ADA GENSET | J101: {=IFERROR(INDEX('PM POP RJBT'!P:P,MATCH(E101,'PM POP RJBT'!D:D,0)),"")*100} -> 100 | K101: =ROUND(((IF(G101="BELUM TERDATA",0,G101)*30)+(IF(H101="NON-AC ICON",100,H101)*15)+(IF(I101="TIDAK ADA GENSET",100,I101)*15)+(IF(J101="",100,J101)*40))/100,0) -> 100 | L101: =IF(K101>=80,"GOOD CONDITION",IF(K101>=60,"WARNING", IF(K101>=40,"NEED CHECK", "DANGEROUS"))) -> GOOD CONDITION
A102: JEMBER | B102: POP-D | C102: POP_1BYW010_JAJAG ULP PLN | D102: NON - OLT | E102: POP_1BYW010 | G102: {=IFERROR(INDEX('PM POWERSUPPLY RJBT1'!BC:BC,MATCH(E102,'PM POWERSUPPLY RJBT1'!B:B,0)),"BELUM TERDATA")} -> 100 | H102: {=IFERROR(INDEX('PM AC RJBT'!J:J,MATCH(E102,'PM AC RJBT'!A:A,0)),"NON-AC ICON")} -> 100 | I102: {=IFERROR(INDEX('PM GENSET RJBT'!AJ:AJ,MATCH(E102,'PM GENSET RJBT'!B:B,0)),"TIDAK ADA GENSET")} -> TIDAK ADA GENSET | J102: {=IFERROR(INDEX('PM POP RJBT'!P:P,MATCH(E102,'PM POP RJBT'!D:D,0)),"")*100} -> 100 | K102: =ROUND(((IF(G102="BELUM TERDATA",0,G102)*30)+(IF(H102="NON-AC ICON",100,H102)*15)+(IF(I102="TIDAK ADA GENSET",100,I102)*15)+(IF(J102="",100,J102)*40))/100,0) -> 100 | L102: =IF(K102>=80,"GOOD CONDITION",IF(K102>=60,"WARNING", IF(K102>=40,"NEED CHECK", "DANGEROUS"))) -> GOOD CONDITION
A103: MADIUN | B103: POP-D | C103: POP_1TBN002_JATIROGO ULP PLN | D103: NON - OLT | E103: POP_1TBN002 | G103: {=IFERROR(INDEX('PM POWERSUPPLY RJBT1'!BC:BC,MATCH(E103,'PM POWERSUPPLY RJBT1'!B:B,0)),"BELUM TERDATA")} -> 100 | H103: {=IFERROR(INDEX('PM AC RJBT'!J:J,MATCH(E103,'PM AC RJBT'!A:A,0)),"NON-AC ICON")} -> 100 | I103: {=IFERROR(INDEX('PM GENSET RJBT'!AJ:AJ,MATCH(E103,'PM GENSET RJBT'!B:B,0)),"TIDAK ADA GENSET")} -> TIDAK ADA GENSET | J103: {=IFERROR(INDEX('PM POP RJBT'!P:P,MATCH(E103,'PM POP RJBT'!D:D,0)),"")*100} -> 0 | K103: =ROUND(((IF(G103="BELUM TERDATA",0,G103)*30)+(IF(H103="NON-AC ICON",100,H103)*15)+(IF(I103="TIDAK ADA GENSET",100,I103)*15)+(IF(J103="",100,J103)*40))/100,0) -> 60 | L103: =IF(K103>=80,"GOOD CONDITION",IF(K103>=60,"WARNING", IF(K103>=40,"NEED CHECK", "DANGEROUS"))) -> WARNING
A104: JEMBER | B104: POP-D | C104: POP_1JMR003_JEMBER UP3 PLN | D104: NON - OLT | E104: POP_1JMR003 | G104: {=IFERROR(INDEX('PM POWERSUPPLY RJBT1'!BC:BC,MATCH(E104,'PM POWERSUPPLY RJBT1'!B:B,0)),"BELUM TERDATA")} -> 100 | H104: {=IFERROR(INDEX('PM AC RJBT'!J:J,MATCH(E104,'PM AC RJBT'!A:A,0)),"NON-AC ICON")} -> 100 | I104: {=IFERROR(INDEX('PM GENSET RJBT'!AJ:AJ,MATCH(E104,'PM GENSET RJBT'!B:B,0)),"TIDAK ADA GENSET")} -> TIDAK ADA GENSET | J104: {=IFERROR(INDEX('PM POP RJBT'!P:P,MATCH(E104,'PM POP RJBT'!D:D,0)),"")*100} -> 100 | K104: =ROUND(((IF(G104="BELUM TERDATA",0,G104)*30)+(IF(H104="NON-AC ICON",100,H104)*15)+(IF(I104="TIDAK ADA GENSET",100,I104)*15)+(IF(J104="",100,J104)*40))/100,0) -> 100 | L104: =IF(K104>=80,"GOOD CONDITION",IF(K104>=60,"WARNING", IF(K104>=40,"NEED CHECK", "DANGEROUS"))) -> GOOD CONDITION
A105: SURABAYA | B105: POP-D | C105: POP_1JBG003_JOMBANG ULP ODC PLN | D105: NON - OLT | E105: POP_1JBG003 | G105: {=IFERROR(INDEX('PM POWERSUPPLY RJBT1'!BC:BC,MATCH(E105,'PM POWERSUPPLY RJBT1'!B:B,0)),"BELUM TERDATA")} -> 100 | H105: {=IFERROR(INDEX('PM AC RJBT'!J:J,MATCH(E105,'PM AC RJBT'!A:A,0)),"NON-AC ICON")} -> 100 | I105: {=IFERROR(INDEX('PM GENSET RJBT'!AJ:AJ,MATCH(E105,'PM GENSET RJBT'!B:B,0)),"TIDAK ADA GENSET")} -> TIDAK ADA GENSET | J105: {=IFERROR(INDEX('PM POP RJBT'!P:P,MATCH(E105,'PM POP RJBT'!D:D,0)),"")*100} -> 100 | K105: =ROUND(((IF(G105="BELUM TERDATA",0,G105)*30)+(IF(H105="NON-AC ICON",100,H105)*15)+(IF(I105="TIDAK ADA GENSET",100,I105)*15)+(IF(J105="",100,J105)*40))/100,0) -> 100 | L105: =IF(K105>=80,"GOOD CONDITION",IF(K105>=60,"WARNING", IF(K105>=40,"NEED CHECK", "DANGEROUS"))) -> GOOD CONDITION
A106: MALANG | B106: POP-D | C106: POP_1BLT005_KADEMANGAN KANTOR CAMAT MINI ODC | D106: NON - OLT | E106: POP_1BLT005 | G106: {=IFERROR(INDEX('PM POWERSUPPLY RJBT1'!BC:BC,MATCH(E106,'PM POWERSUPPLY RJBT1'!B:B,0)),"BELUM TERDATA")} -> 100 | H106: {=IFERROR(INDEX('PM AC RJBT'!J:J,MATCH(E106,'PM AC RJBT'!A:A,0)),"NON-AC ICON")} -> NON-AC ICON | I106: {=IFERROR(INDEX('PM GENSET RJBT'!AJ:AJ,MATCH(E106,'PM GENSET RJBT'!B:B,0)),"TIDAK ADA GENSET")} -> TIDAK ADA GENSET | J106: {=IFERROR(INDEX('PM POP RJBT'!P:P,MATCH(E106,'PM POP RJBT'!D:D,0)),"")*100} -> 0 | K106: =ROUND(((IF(G106="BELUM TERDATA",0,G106)*30)+(IF(H106="NON-AC ICON",100,H106)*15)+(IF(I106="TIDAK ADA GENSET",100,I106)*15)+(IF(J106="",100,J106)*40))/100,0) -> 60 | L106: =IF(K106>=80,"GOOD CONDITION",IF(K106>=60,"WARNING", IF(K106>=40,"NEED CHECK", "DANGEROUS"))) -> WARNING
A107: MALANG | B107: POP-D | C107: POP_1KNR010_KALIPANG KANTOR LURAH MINI ODC | D107: NON - OLT | E107: POP_1KNR010 | G107: {=IFERROR(INDEX('PM POWERSUPPLY RJBT1'!BC:BC,MATCH(E107,'PM POWERSUPPLY RJBT1'!B:B,0)),"BELUM TERDATA")} -> 100 | H107: {=IFERROR(INDEX('PM AC RJBT'!J:J,MATCH(E107,'PM AC RJBT'!A:A,0)),"NON-AC ICON")} -> NON-AC ICON | I107: {=IFERROR(INDEX('PM GENSET RJBT'!AJ:AJ,MATCH(E107,'PM GENSET RJBT'!B:B,0)),"TIDAK ADA GENSET")} -> TIDAK ADA GENSET | J107: {=IFERROR(INDEX('PM POP RJBT'!P:P,MATCH(E107,'PM POP RJBT'!D:D,0)),"")*100} -> 0 | K107: =ROUND(((IF(G107="BELUM TERDATA",0,G107)*30)+(IF(H107="NON-AC ICON",100,H107)*15)+(IF(I107="TIDAK ADA GENSET",100,I107)*15)+(IF(J107="",100,J107)*40))/100,0) -> 60 | L107: =IF(K107>=80,"GOOD CONDITION",IF(K107>=60,"WARNING", IF(K107>=40,"NEED CHECK", "DANGEROUS"))) -> WARNING
A108: SURABAYA | B108: POP-D | C108: POP_1SBY10002_KALISARI GI SHELTER PLN | D108: NON - OLT | E108: POP_1SBY10002 | F108: SHELTER | G108: {=IFERROR(INDEX('PM POWERSUPPLY RJBT1'!BC:BC,MATCH(E108,'PM POWERSUPPLY RJBT1'!B:B,0)),"BELUM TERDATA")} -> 100 | H108: {=IFERROR(INDEX('PM AC RJBT'!J:J,MATCH(E108,'PM AC RJBT'!A:A,0)),"NON-AC ICON")} -> 100 | I108: {=IFERROR(INDEX('PM GENSET RJBT'!AJ:AJ,MATCH(E108,'PM GENSET RJBT'!B:B,0)),"TIDAK ADA GENSET")} -> 100 | J108: {=IFERROR(INDEX('PM POP RJBT'!P:P,MATCH(E108,'PM POP RJBT'!D:D,0)),"")*100} -> 100 | K108: =ROUND(((IF(G108="BELUM TERDATA",0,G108)*30)+(IF(H108="NON-AC ICON",100,H108)*15)+(IF(I108="TIDAK ADA GENSET",100,I108)*15)+(IF(J108="",100,J108)*40))/100,0) -> 100 | L108: =IF(K108>=80,"GOOD CONDITION",IF(K108>=60,"WARNING", IF(K108>=40,"NEED CHECK", "DANGEROUS"))) -> GOOD CONDITION
A109: JEMBER | B109: POP-D | C109: POP_1JMR10034_KALISAT ULP ODC PLN | D109: NON - OLT | E109: POP_1JMR10034 | G109: {=IFERROR(INDEX('PM POWERSUPPLY RJBT1'!BC:BC,MATCH(E109,'PM POWERSUPPLY RJBT1'!B:B,0)),"BELUM TERDATA")} -> BELUM TERDATA | H109: {=IFERROR(INDEX('PM AC RJBT'!J:J,MATCH(E109,'PM AC RJBT'!A:A,0)),"NON-AC ICON")} -> 100 | I109: {=IFERROR(INDEX('PM GENSET RJBT'!AJ:AJ,MATCH(E109,'PM GENSET RJBT'!B:B,0)),"TIDAK ADA GENSET")} -> TIDAK ADA GENSET | J109: {=IFERROR(INDEX('PM POP RJBT'!P:P,MATCH(E109,'PM POP RJBT'!D:D,0)),"")*100} -> 100 | K109: =ROUND(((IF(G109="BELUM TERDATA",0,G109)*30)+(IF(H109="NON-AC ICON",100,H109)*15)+(IF(I109="TIDAK ADA GENSET",100,I109)*15)+(IF(J109="",100,J109)*40))/100,0) -> 70 | L109: =IF(K109>=80,"GOOD CONDITION",IF(K109>=60,"WARNING", IF(K109>=40,"NEED CHECK", "DANGEROUS"))) -> WARNING
A110: JEMBER | B110: POP-D | C110: POP_1JMR002_KALISAT ULP R12U PLN | D110: NON - OLT | E110: POP_1JMR002 | G110: {=IFERROR(INDEX('PM POWERSUPPLY RJBT1'!BC:BC,MATCH(E110,'PM POWERSUPPLY RJBT1'!B:B,0)),"BELUM TERDATA")} -> 100 | H110: {=IFERROR(INDEX('PM AC RJBT'!J:J,MATCH(E110,'PM AC RJBT'!A:A,0)),"NON-AC ICON")} -> NON-AC ICON | I110: {=IFERROR(INDEX('PM GENSET RJBT'!AJ:AJ,MATCH(E110,'PM GENSET RJBT'!B:B,0)),"TIDAK ADA GENSET")} -> TIDAK ADA GENSET | J110: {=IFERROR(INDEX('PM POP RJBT'!P:P,MATCH(E110,'PM POP RJBT'!D:D,0)),"")*100} -> 100 | K110: =ROUND(((IF(G110="BELUM TERDATA",0,G110)*30)+(IF(H110="NON-AC ICON",100,H110)*15)+(IF(I110="TIDAK ADA GENSET",100,I110)*15)+(IF(J110="",100,J110)*40))/100,0) -> 100 | L110: =IF(K110>=80,"GOOD CONDITION",IF(K110>=60,"WARNING", IF(K110>=40,"NEED CHECK", "DANGEROUS"))) -> GOOD CONDITION
A111: MALANG | B111: POP-D | C111: POP_1KNR006_KANIGORO KANTOR LURAH MINI ODC | D111: NON - OLT | E111: POP_1KNR006 | G111: {=IFERROR(INDEX('PM POWERSUPPLY RJBT1'!BC:BC,MATCH(E111,'PM POWERSUPPLY RJBT1'!B:B,0)),"BELUM TERDATA")} -> 100 | H111: {=IFERROR(INDEX('PM AC RJBT'!J:J,MATCH(E111,'PM AC RJBT'!A:A,0)),"NON-AC ICON")} -> NON-AC ICON | I111: {=IFERROR(INDEX('PM GENSET RJBT'!AJ:AJ,MATCH(E111,'PM GENSET RJBT'!B:B,0)),"TIDAK ADA GENSET")} -> TIDAK ADA GENSET | J111: {=IFERROR(INDEX('PM POP RJBT'!P:P,MATCH(E111,'PM POP RJBT'!D:D,0)),"")*100} -> 0 | K111: =ROUND(((IF(G111="BELUM TERDATA",0,G111)*30)+(IF(H111="NON-AC ICON",100,H111)*15)+(IF(I111="TIDAK ADA GENSET",100,I111)*15)+(IF(J111="",100,J111)*40))/100,0) -> 60 | L111: =IF(K111>=80,"GOOD CONDITION",IF(K111>=60,"WARNING", IF(K111>=40,"NEED CHECK", "DANGEROUS"))) -> WARNING
A112: MALANG | B112: POP-D | C112: POP_1MLG012_KANTOR ICON+ MALANG | D112: NON - OLT | E112: POP_1MLG012 | G112: {=IFERROR(INDEX('PM POWERSUPPLY RJBT1'!BC:BC,MATCH(E112,'PM POWERSUPPLY RJBT1'!B:B,0)),"BELUM TERDATA")} -> 100 | H112: {=IFERROR(INDEX('PM AC RJBT'!J:J,MATCH(E112,'PM AC RJBT'!A:A,0)),"NON-AC ICON")} -> 100 | I112: {=IFERROR(INDEX('PM GENSET RJBT'!AJ:AJ,MATCH(E112,'PM GENSET RJBT'!B:B,0)),"TIDAK ADA GENSET")} -> 100 | J112: {=IFERROR(INDEX('PM POP RJBT'!P:P,MATCH(E112,'PM POP RJBT'!D:D,0)),"")*100} -> 100 | K112: =ROUND(((IF(G112="BELUM TERDATA",0,G112)*30)+(IF(H112="NON-AC ICON",100,H112)*15)+(IF(I112="TIDAK ADA GENSET",100,I112)*15)+(IF(J112="",100,J112)*40))/100,0) -> 100 | L112: =IF(K112>=80,"GOOD CONDITION",IF(K112>=60,"WARNING", IF(K112>=40,"NEED CHECK", "DANGEROUS"))) -> GOOD CONDITION
A113: MALANG | B113: POP-D | C113: POP_1KPN10026_KANTOR KECAMATAN BANTUR MALANG ODC | D113: NON - OLT | E113: POP_1KPN10026 | G113: {=IFERROR(INDEX('PM POWERSUPPLY RJBT1'!BC:BC,MATCH(E113,'PM POWERSUPPLY RJBT1'!B:B,0)),"BELUM TERDATA")} -> 100 | H113: {=IFERROR(INDEX('PM AC RJBT'!J:J,MATCH(E113,'PM AC RJBT'!A:A,0)),"NON-AC ICON")} -> 100 | I113: {=IFERROR(INDEX('PM GENSET RJBT'!AJ:AJ,MATCH(E113,'PM GENSET RJBT'!B:B,0)),"TIDAK ADA GENSET")} -> TIDAK ADA GENSET | J113: {=IFERROR(INDEX('PM POP RJBT'!P:P,MATCH(E113,'PM POP RJBT'!D:D,0)),"")*100} -> 100 | K113: =ROUND(((IF(G113="BELUM TERDATA",0,G113)*30)+(IF(H113="NON-AC ICON",100,H113)*15)+(IF(I113="TIDAK ADA GENSET",100,I113)*15)+(IF(J113="",100,J113)*40))/100,0) -> 100 | L113: =IF(K113>=80,"GOOD CONDITION",IF(K113>=60,"WARNING", IF(K113>=40,"NEED CHECK", "DANGEROUS"))) -> GOOD CONDITION
A114: SURABAYA | B114: POP-D | C114: POP_1GSK10063_KASIH JATIM GI ODC PLN | D114: NON - OLT | E114: POP_1GSK10063 | G114: {=IFERROR(INDEX('PM POWERSUPPLY RJBT1'!BC:BC,MATCH(E114,'PM POWERSUPPLY RJBT1'!B:B,0)),"BELUM TERDATA")} -> 100 | H114: {=IFERROR(INDEX('PM AC RJBT'!J:J,MATCH(E114,'PM AC RJBT'!A:A,0)),"NON-AC ICON")} -> 100 | I114: {=IFERROR(INDEX('PM GENSET RJBT'!AJ:AJ,MATCH(E114,'PM GENSET RJBT'!B:B,0)),"TIDAK ADA GENSET")} -> TIDAK ADA GENSET | J114: {=IFERROR(INDEX('PM POP RJBT'!P:P,MATCH(E114,'PM POP RJBT'!D:D,0)),"")*100} -> 100 | K114: =ROUND(((IF(G114="BELUM TERDATA",0,G114)*30)+(IF(H114="NON-AC ICON",100,H114)*15)+(IF(I114="TIDAK ADA GENSET",100,I114)*15)+(IF(J114="",100,J114)*40))/100,0) -> 100 | L114: =IF(K114>=80,"GOOD CONDITION",IF(K114>=60,"WARNING", IF(K114>=40,"NEED CHECK", "DANGEROUS"))) -> GOOD CONDITION
A115: MALANG | B115: POP-D | C115: POP_1MLG014_KEBON AGUNG ULP ODC PLN | D115: NON - OLT | E115: POP_1MLG014 | G115: {=IFERROR(INDEX('PM POWERSUPPLY RJBT1'!BC:BC,MATCH(E115,'PM POWERSUPPLY RJBT1'!B:B,0)),"BELUM TERDATA")} -> 100 | H115: {=IFERROR(INDEX('PM AC RJBT'!J:J,MATCH(E115,'PM AC RJBT'!A:A,0)),"NON-AC ICON")} -> 100 | I115: {=IFERROR(INDEX('PM GENSET RJBT'!AJ:AJ,MATCH(E115,'PM GENSET RJBT'!B:B,0)),"TIDAK ADA GENSET")} -> TIDAK ADA GENSET | J115: {=IFERROR(INDEX('PM POP RJBT'!P:P,MATCH(E115,'PM POP RJBT'!D:D,0)),"")*100} -> 100 | K115: =ROUND(((IF(G115="BELUM TERDATA",0,G115)*30)+(IF(H115="NON-AC ICON",100,H115)*15)+(IF(I115="TIDAK ADA GENSET",100,I115)*15)+(IF(J115="",100,J115)*40))/100,0) -> 100 | L115: =IF(K115>=80,"GOOD CONDITION",IF(K115>=60,"WARNING", IF(K115>=40,"NEED CHECK", "DANGEROUS"))) -> GOOD CONDITION
A116: MADIUN | B116: POP-D | C116: POP_1TBN009_KECAMATAN MONTONG MINI ODC | D116: NON - OLT | E116: POP_1TBN009 | G116: {=IFERROR(INDEX('PM POWERSUPPLY RJBT1'!BC:BC,MATCH(E116,'PM POWERSUPPLY RJBT1'!B:B,0)),"BELUM TERDATA")} -> 100 | H116: {=IFERROR(INDEX('PM AC RJBT'!J:J,MATCH(E116,'PM AC RJBT'!A:A,0)),"NON-AC ICON")} -> NON-AC ICON | I116: {=IFERROR(INDEX('PM GENSET RJBT'!AJ:AJ,MATCH(E116,'PM GENSET RJBT'!B:B,0)),"TIDAK ADA GENSET")} -> TIDAK ADA GENSET | J116: {=IFERROR(INDEX('PM POP RJBT'!P:P,MATCH(E116,'PM POP RJBT'!D:D,0)),"")*100} -> 100 | K116: =ROUND(((IF(G116="BELUM TERDATA",0,G116)*30)+(IF(H116="NON-AC ICON",100,H116)*15)+(IF(I116="TIDAK ADA GENSET",100,I116)*15)+(IF(J116="",100,J116)*40))/100,0) -> 100 | L116: =IF(K116>=80,"GOOD CONDITION",IF(K116>=60,"WARNING", IF(K116>=40,"NEED CHECK", "DANGEROUS"))) -> GOOD CONDITION
A117: MADIUN | B117: POP-D | C117: POP_1TBN014 KECAMATAN PLUMPANG MINI ODC | D117: NON - OLT | E117: POP_1TBN014 | G117: {=IFERROR(INDEX('PM POWERSUPPLY RJBT1'!BC:BC,MATCH(E117,'PM POWERSUPPLY RJBT1'!B:B,0)),"BELUM TERDATA")} -> 100 | H117: {=IFERROR(INDEX('PM AC RJBT'!J:J,MATCH(E117,'PM AC RJBT'!A:A,0)),"NON-AC ICON")} -> 100 | I117: {=IFERROR(INDEX('PM GENSET RJBT'!AJ:AJ,MATCH(E117,'PM GENSET RJBT'!B:B,0)),"TIDAK ADA GENSET")} -> TIDAK ADA GENSET | J117: {=IFERROR(INDEX('PM POP RJBT'!P:P,MATCH(E117,'PM POP RJBT'!D:D,0)),"")*100} -> 0 | K117: =ROUND(((IF(G117="BELUM TERDATA",0,G117)*30)+(IF(H117="NON-AC ICON",100,H117)*15)+(IF(I117="TIDAK ADA GENSET",100,I117)*15)+(IF(J117="",100,J117)*40))/100,0) -> 60 | L117: =IF(K117>=80,"GOOD CONDITION",IF(K117>=60,"WARNING", IF(K117>=40,"NEED CHECK", "DANGEROUS"))) -> WARNING
A118: MADIUN | B118: POP-D | C118: POP_1TBN007_KECAMATAN SENORI TUBAN MINI ODC | D118: NON - OLT | E118: POP_1TBN007 | G118: {=IFERROR(INDEX('PM POWERSUPPLY RJBT1'!BC:BC,MATCH(E118,'PM POWERSUPPLY RJBT1'!B:B,0)),"BELUM TERDATA")} -> 100 | H118: {=IFERROR(INDEX('PM AC RJBT'!J:J,MATCH(E118,'PM AC RJBT'!A:A,0)),"NON-AC ICON")} -> NON-AC ICON | I118: {=IFERROR(INDEX('PM GENSET RJBT'!AJ:AJ,MATCH(E118,'PM GENSET RJBT'!B:B,0)),"TIDAK ADA GENSET")} -> TIDAK ADA GENSET | J118: {=IFERROR(INDEX('PM POP RJBT'!P:P,MATCH(E118,'PM POP RJBT'!D:D,0)),"")*100} -> 100 | K118: =ROUND(((IF(G118="BELUM TERDATA",0,G118)*30)+(IF(H118="NON-AC ICON",100,H118)*15)+(IF(I118="TIDAK ADA GENSET",100,I118)*15)+(IF(J118="",100,J118)*40))/100,0) -> 100 | L118: =IF(K118>=80,"GOOD CONDITION",IF(K118>=60,"WARNING", IF(K118>=40,"NEED CHECK", "DANGEROUS"))) -> GOOD CONDITION
A119: MADIUN | B119: POP-D | C119: POP_1TBN10000_KECAMATAN SINGGAHAN MINI ODC | D119: NON - OLT | E119: POP_1TBN10000 | G119: {=IFERROR(INDEX('PM POWERSUPPLY RJBT1'!BC:BC,MATCH(E119,'PM POWERSUPPLY RJBT1'!B:B,0)),"BELUM TERDATA")} -> 100 | H119: {=IFERROR(INDEX('PM AC RJBT'!J:J,MATCH(E119,'PM AC RJBT'!A:A,0)),"NON-AC ICON")} -> 100 | I119: {=IFERROR(INDEX('PM GENSET RJBT'!AJ:AJ,MATCH(E119,'PM GENSET RJBT'!B:B,0)),"TIDAK ADA GENSET")} -> TIDAK ADA GENSET | J119: {=IFERROR(INDEX('PM POP RJBT'!P:P,MATCH(E119,'PM POP RJBT'!D:D,0)),"")*100} -> 0 | K119: =ROUND(((IF(G119="BELUM TERDATA",0,G119)*30)+(IF(H119="NON-AC ICON",100,H119)*15)+(IF(I119="TIDAK ADA GENSET",100,I119)*15)+(IF(J119="",100,J119)*40))/100,0) -> 60 | L119: =IF(K119>=80,"GOOD CONDITION",IF(K119>=60,"WARNING", IF(K119>=40,"NEED CHECK", "DANGEROUS"))) -> WARNING
A120: SURABAYA | B120: POP-D | C120: POP_1SDA10120_KECAMATAN TULANGAN ODC | D120: NON - OLT | E120: POP_1SDA10120 | G120: {=IFERROR(INDEX('PM POWERSUPPLY RJBT1'!BC:BC,MATCH(E120,'PM POWERSUPPLY RJBT1'!B:B,0)),"BELUM TERDATA")} -> 100 | H120: {=IFERROR(INDEX('PM AC RJBT'!J:J,MATCH(E120,'PM AC RJBT'!A:A,0)),"NON-AC ICON")} -> 100 | I120: {=IFERROR(INDEX('PM GENSET RJBT'!AJ:AJ,MATCH(E120,'PM GENSET RJBT'!B:B,0)),"TIDAK ADA GENSET")} -> TIDAK ADA GENSET | J120: {=IFERROR(INDEX('PM POP RJBT'!P:P,MATCH(E120,'PM POP RJBT'!D:D,0)),"")*100} -> 100 | K120: =ROUND(((IF(G120="BELUM TERDATA",0,G120)*30)+(IF(H120="NON-AC ICON",100,H120)*15)+(IF(I120="TIDAK ADA GENSET",100,I120)*15)+(IF(J120="",100,J120)*40))/100,0) -> 100 | L120: =IF(K120>=80,"GOOD CONDITION",IF(K120>=60,"WARNING", IF(K120>=40,"NEED CHECK", "DANGEROUS"))) -> GOOD CONDITION
... A131: JEMBER | B131: POP-D | C131: POP_1KRS003_KRAKSAAN ULP MINI ODC PLN | D131: NON - OLT | E131: POP_1KRS003 | G131: {=IFERROR(INDEX('PM POWERSUPPLY RJBT1'!BC:BC,MATCH(E131,'PM POWERSUPPLY RJBT1'!B:B,0)),"BELUM TERDATA")} -> 100 | H131: {=IFERROR(INDEX('PM AC RJBT'!J:J,MATCH(E131,'PM AC RJBT'!A:A,0)),"NON-AC ICON")} -> 100 | I131: {=IFERROR(INDEX('PM GENSET RJBT'!AJ:AJ,MATCH(E131,'PM GENSET RJBT'!B:B,0)),"TIDAK ADA GENSET")} -> TIDAK ADA GENSET | J131: {=IFERROR(INDEX('PM POP RJBT'!P:P,MATCH(E131,'PM POP RJBT'!D:D,0)),"")*100} -> 100 | K131: =ROUND(((IF(G131="BELUM TERDATA",0,G131)*30)+(IF(H131="NON-AC ICON",100,H131)*15)+(IF(I131="TIDAK ADA GENSET",100,I131)*15)+(IF(J131="",100,J131)*40))/100,0) -> 100 | L131: =IF(K131>=80,"GOOD CONDITION",IF(K131>=60,"WARNING", IF(K131>=40,"NEED CHECK", "DANGEROUS"))) -> GOOD CONDITION
A132: SURABAYA | B132: POP-D | C132: POP_1GSK007_KRIAN GITET PLC PLN | D132: NON - OLT | E132: POP_1GSK007 | F132: PLC | G132: {=IFERROR(INDEX('PM POWERSUPPLY RJBT1'!BC:BC,MATCH(E132,'PM POWERSUPPLY RJBT1'!B:B,0)),"BELUM TERDATA")} -> 100 | H132: {=IFERROR(INDEX('PM AC RJBT'!J:J,MATCH(E132,'PM AC RJBT'!A:A,0)),"NON-AC ICON")} -> NON-AC ICON | I132: {=IFERROR(INDEX('PM GENSET RJBT'!AJ:AJ,MATCH(E132,'PM GENSET RJBT'!B:B,0)),"TIDAK ADA GENSET")} -> TIDAK ADA GENSET | J132: {=IFERROR(INDEX('PM POP RJBT'!P:P,MATCH(E132,'PM POP RJBT'!D:D,0)),"")*100} -> 0 | K132: =ROUND(((IF(G132="BELUM TERDATA",0,G132)*30)+(IF(H132="NON-AC ICON",100,H132)*15)+(IF(I132="TIDAK ADA GENSET",100,I132)*15)+(IF(J132="",100,J132)*40))/100,0) -> 60 | L132: =IF(K132>=80,"GOOD CONDITION",IF(K132>=60,"WARNING", IF(K132>=40,"NEED CHECK", "DANGEROUS"))) -> WARNING
A133: SURABAYA | B133: POP-D | C133: POP_1SDA005_KRIAN ULP ODC-01 PLN | D133: NON - OLT | E133: POP_1SDA005 | G133: {=IFERROR(INDEX('PM POWERSUPPLY RJBT1'!BC:BC,MATCH(E133,'PM POWERSUPPLY RJBT1'!B:B,0)),"BELUM TERDATA")} -> 100 | H133: {=IFERROR(INDEX('PM AC RJBT'!J:J,MATCH(E133,'PM AC RJBT'!A:A,0)),"NON-AC ICON")} -> 100 | I133: {=IFERROR(INDEX('PM GENSET RJBT'!AJ:AJ,MATCH(E133,'PM GENSET RJBT'!B:B,0)),"TIDAK ADA GENSET")} -> TIDAK ADA GENSET | J133: {=IFERROR(INDEX('PM POP RJBT'!P:P,MATCH(E133,'PM POP RJBT'!D:D,0)),"")*100} -> 100 | K133: =ROUND(((IF(G133="BELUM TERDATA",0,G133)*30)+(IF(H133="NON-AC ICON",100,H133)*15)+(IF(I133="TIDAK ADA GENSET",100,I133)*15)+(IF(J133="",100,J133)*40))/100,0) -> 100 | L133: =IF(K133>=80,"GOOD CONDITION",IF(K133>=60,"WARNING", IF(K133>=40,"NEED CHECK", "DANGEROUS"))) -> GOOD CONDITION
A134: SURABAYA | B134: POP-D | C134: POP_1SDA10055_KRIAN ULP ODC-02 PLN | D134: NON - OLT | E134: POP_1SDA10055 | G134: {=IFERROR(INDEX('PM POWERSUPPLY RJBT1'!BC:BC,MATCH(E134,'PM POWERSUPPLY RJBT1'!B:B,0)),"BELUM TERDATA")} -> 100 | H134: {=IFERROR(INDEX('PM AC RJBT'!J:J,MATCH(E134,'PM AC RJBT'!A:A,0)),"NON-AC ICON")} -> 100 | I134: {=IFERROR(INDEX('PM GENSET RJBT'!AJ:AJ,MATCH(E134,'PM GENSET RJBT'!B:B,0)),"TIDAK ADA GENSET")} -> TIDAK ADA GENSET | J134: {=IFERROR(INDEX('PM POP RJBT'!P:P,MATCH(E134,'PM POP RJBT'!D:D,0)),"")*100} -> 100 | K134: =ROUND(((IF(G134="BELUM TERDATA",0,G134)*30)+(IF(H134="NON-AC ICON",100,H134)*15)+(IF(I134="TIDAK ADA GENSET",100,I134)*15)+(IF(J134="",100,J134)*40))/100,0) -> 100 | L134: =IF(K134>=80,"GOOD CONDITION",IF(K134>=60,"WARNING", IF(K134>=40,"NEED CHECK", "DANGEROUS"))) -> GOOD CONDITION
A135: SURABAYA | B135: POP-D | C135: POP_1LMG002_LAMONGAN ULP SHELTER PLN | D135: NON - OLT | E135: POP_1LMG002 | F135: SHELTER | G135: {=IFERROR(INDEX('PM POWERSUPPLY RJBT1'!BC:BC,MATCH(E135,'PM POWERSUPPLY RJBT1'!B:B,0)),"BELUM TERDATA")} -> 100 | H135: {=IFERROR(INDEX('PM AC RJBT'!J:J,MATCH(E135,'PM AC RJBT'!A:A,0)),"NON-AC ICON")} -> 100 | I135: {=IFERROR(INDEX('PM GENSET RJBT'!AJ:AJ,MATCH(E135,'PM GENSET RJBT'!B:B,0)),"TIDAK ADA GENSET")} -> 100 | J135: {=IFERROR(INDEX('PM POP RJBT'!P:P,MATCH(E135,'PM POP RJBT'!D:D,0)),"")*100} -> 100 | K135: =ROUND(((IF(G135="BELUM TERDATA",0,G135)*30)+(IF(H135="NON-AC ICON",100,H135)*15)+(IF(I135="TIDAK ADA GENSET",100,I135)*15)+(IF(J135="",100,J135)*40))/100,0) -> 100 | L135: =IF(K135>=80,"GOOD CONDITION",IF(K135>=60,"WARNING", IF(K135>=40,"NEED CHECK", "DANGEROUS"))) -> GOOD CONDITION
A136: MALANG | B136: POP-D | C136: POP_1KPN004_LAWANG ULP MINI ODC PLN | D136: NON - OLT | E136: POP_1KPN004 | G136: {=IFERROR(INDEX('PM POWERSUPPLY RJBT1'!BC:BC,MATCH(E136,'PM POWERSUPPLY RJBT1'!B:B,0)),"BELUM TERDATA")} -> 100 | H136: {=IFERROR(INDEX('PM AC RJBT'!J:J,MATCH(E136,'PM AC RJBT'!A:A,0)),"NON-AC ICON")} -> NON-AC ICON | I136: {=IFERROR(INDEX('PM GENSET RJBT'!AJ:AJ,MATCH(E136,'PM GENSET RJBT'!B:B,0)),"TIDAK ADA GENSET")} -> TIDAK ADA GENSET | J136: {=IFERROR(INDEX('PM POP RJBT'!P:P,MATCH(E136,'PM POP RJBT'!D:D,0)),"")*100} -> 100 | K136: =ROUND(((IF(G136="BELUM TERDATA",0,G136)*30)+(IF(H136="NON-AC ICON",100,H136)*15)+(IF(I136="TIDAK ADA GENSET",100,I136)*15)+(IF(J136="",100,J136)*40))/100,0) -> 100 | L136: =IF(K136>=80,"GOOD CONDITION",IF(K136>=60,"WARNING", IF(K136>=40,"NEED CHECK", "DANGEROUS"))) -> GOOD CONDITION
A137: JEMBER | B137: POP-D | C137: POP_1LMJ10000_LUMAJANG ULP MINI ODC PLN | D137: NON - OLT | E137: POP_1LMJ10000 | G137: {=IFERROR(INDEX('PM POWERSUPPLY RJBT1'!BC:BC,MATCH(E137,'PM POWERSUPPLY RJBT1'!B:B,0)),"BELUM TERDATA")} -> 100 | H137: {=IFERROR(INDEX('PM AC RJBT'!J:J,MATCH(E137,'PM AC RJBT'!A:A,0)),"NON-AC ICON")} -> 100 | I137: {=IFERROR(INDEX('PM GENSET RJBT'!AJ:AJ,MATCH(E137,'PM GENSET RJBT'!B:B,0)),"TIDAK ADA GENSET")} -> TIDAK ADA GENSET | J137: {=IFERROR(INDEX('PM POP RJBT'!P:P,MATCH(E137,'PM POP RJBT'!D:D,0)),"")*100} -> 100 | K137: =ROUND(((IF(G137="BELUM TERDATA",0,G137)*30)+(IF(H137="NON-AC ICON",100,H137)*15)+(IF(I137="TIDAK ADA GENSET",100,I137)*15)+(IF(J137="",100,J137)*40))/100,0) -> 100 | L137: =IF(K137>=80,"GOOD CONDITION",IF(K137>=60,"WARNING", IF(K137>=40,"NEED CHECK", "DANGEROUS"))) -> GOOD CONDITION
A138: MADIUN | B138: POP-D | C138: POP_1MAD001_MADIUN UP3 RUANGAN PLN | D138: NON - OLT | E138: POP_1MAD001 | G138: {=IFERROR(INDEX('PM POWERSUPPLY RJBT1'!BC:BC,MATCH(E138,'PM POWERSUPPLY RJBT1'!B:B,0)),"BELUM TERDATA")} -> 100 | H138: {=IFERROR(INDEX('PM AC RJBT'!J:J,MATCH(E138,'PM AC RJBT'!A:A,0)),"NON-AC ICON")} -> 100 | I138: {=IFERROR(INDEX('PM GENSET RJBT'!AJ:AJ,MATCH(E138,'PM GENSET RJBT'!B:B,0)),"TIDAK ADA GENSET")} -> 100 | J138: {=IFERROR(INDEX('PM POP RJBT'!P:P,MATCH(E138,'PM POP RJBT'!D:D,0)),"")*100} -> 0 | K138: =ROUND(((IF(G138="BELUM TERDATA",0,G138)*30)+(IF(H138="NON-AC ICON",100,H138)*15)+(IF(I138="TIDAK ADA GENSET",100,I138)*15)+(IF(J138="",100,J138)*40))/100,0) -> 60 | L138: =IF(K138>=80,"GOOD CONDITION",IF(K138>=60,"WARNING", IF(K138>=40,"NEED CHECK", "DANGEROUS"))) -> WARNING
A139: MADIUN | B139: POP-D | C139: POP_1MAD10001_MADIUN UP3 SHELTER PLN | D139: NON - OLT | E139: POP_1MAD10001 | F139: SHELTER | G139: {=IFERROR(INDEX('PM POWERSUPPLY RJBT1'!BC:BC,MATCH(E139,'PM POWERSUPPLY RJBT1'!B:B,0)),"BELUM TERDATA")} -> 100 | H139: {=IFERROR(INDEX('PM AC RJBT'!J:J,MATCH(E139,'PM AC RJBT'!A:A,0)),"NON-AC ICON")} -> 100 | I139: {=IFERROR(INDEX('PM GENSET RJBT'!AJ:AJ,MATCH(E139,'PM GENSET RJBT'!B:B,0)),"TIDAK ADA GENSET")} -> 100 | J139: {=IFERROR(INDEX('PM POP RJBT'!P:P,MATCH(E139,'PM POP RJBT'!D:D,0)),"")*100} -> 100 | K139: =ROUND(((IF(G139="BELUM TERDATA",0,G139)*30)+(IF(H139="NON-AC ICON",100,H139)*15)+(IF(I139="TIDAK ADA GENSET",100,I139)*15)+(IF(J139="",100,J139)*40))/100,0) -> 100 | L139: =IF(K139>=80,"GOOD CONDITION",IF(K139>=60,"WARNING", IF(K139>=40,"NEED CHECK", "DANGEROUS"))) -> GOOD CONDITION
A140: MADIUN | B140: POP-D | C140: POP_1MGT005_MAGETAN ULP MINI ODC PLN | D140: NON - OLT | E140: POP_1MGT005 | G140: {=IFERROR(INDEX('PM POWERSUPPLY RJBT1'!BC:BC,MATCH(E140,'PM POWERSUPPLY RJBT1'!B:B,0)),"BELUM TERDATA")} -> 100 | H140: {=IFERROR(INDEX('PM AC RJBT'!J:J,MATCH(E140,'PM AC RJBT'!A:A,0)),"NON-AC ICON")} -> 100 | I140: {=IFERROR(INDEX('PM GENSET RJBT'!AJ:AJ,MATCH(E140,'PM GENSET RJBT'!B:B,0)),"TIDAK ADA GENSET")} -> TIDAK ADA GENSET | J140: {=IFERROR(INDEX('PM POP RJBT'!P:P,MATCH(E140,'PM POP RJBT'!D:D,0)),"")*100} -> 0 | K140: =ROUND(((IF(G140="BELUM TERDATA",0,G140)*30)+(IF(H140="NON-AC ICON",100,H140)*15)+(IF(I140="TIDAK ADA GENSET",100,I140)*15)+(IF(J140="",100,J140)*40))/100,0) -> 60 | L140: =IF(K140>=80,"GOOD CONDITION",IF(K140>=60,"WARNING", IF(K140>=40,"NEED CHECK", "DANGEROUS"))) -> WARNING
A141: MADIUN | B141: POP-D | C141: POP_1MGT001_MAGETAN ULP R12U PLN | D141: NON - OLT | E141: POP_1MGT001 | G141: {=IFERROR(INDEX('PM POWERSUPPLY RJBT1'!BC:BC,MATCH(E141,'PM POWERSUPPLY RJBT1'!B:B,0)),"BELUM TERDATA")} -> 100 | H141: {=IFERROR(INDEX('PM AC RJBT'!J:J,MATCH(E141,'PM AC RJBT'!A:A,0)),"NON-AC ICON")} -> NON-AC ICON | I141: {=IFERROR(INDEX('PM GENSET RJBT'!AJ:AJ,MATCH(E141,'PM GENSET RJBT'!B:B,0)),"TIDAK ADA GENSET")} -> TIDAK ADA GENSET | J141: {=IFERROR(INDEX('PM POP RJBT'!P:P,MATCH(E141,'PM POP RJBT'!D:D,0)),"")*100} -> 0 | K141: =ROUND(((IF(G141="BELUM TERDATA",0,G141)*30)+(IF(H141="NON-AC ICON",100,H141)*15)+(IF(I141="TIDAK ADA GENSET",100,I141)*15)+(IF(J141="",100,J141)*40))/100,0) -> 60 | L141: =IF(K141>=80,"GOOD CONDITION",IF(K141>=60,"WARNING", IF(K141>=40,"NEED CHECK", "DANGEROUS"))) -> WARNING
A142: MALANG | B142: POP-D | C142: POP_1MLG003_MALANG UP3 PLN | D142: NON - OLT | E142: POP_1MLG003 | G142: {=IFERROR(INDEX('PM POWERSUPPLY RJBT1'!BC:BC,MATCH(E142,'PM POWERSUPPLY RJBT1'!B:B,0)),"BELUM TERDATA")} -> 100 | H142: {=IFERROR(INDEX('PM AC RJBT'!J:J,MATCH(E142,'PM AC RJBT'!A:A,0)),"NON-AC ICON")} -> 100 | I142: {=IFERROR(INDEX('PM GENSET RJBT'!AJ:AJ,MATCH(E142,'PM GENSET RJBT'!B:B,0)),"TIDAK ADA GENSET")} -> 100 | J142: {=IFERROR(INDEX('PM POP RJBT'!P:P,MATCH(E142,'PM POP RJBT'!D:D,0)),"")*100} -> 0 | K142: =ROUND(((IF(G142="BELUM TERDATA",0,G142)*30)+(IF(H142="NON-AC ICON",100,H142)*15)+(IF(I142="TIDAK ADA GENSET",100,I142)*15)+(IF(J142="",100,J142)*40))/100,0) -> 60 | L142: =IF(K142>=80,"GOOD CONDITION",IF(K142>=60,"WARNING", IF(K142>=40,"NEED CHECK", "DANGEROUS"))) -> WARNING
A143: SURABAYA | B143: POP-D | C143: POP_1GSK10062_MANYAR GI ODC PLN | D143: NON - OLT | E143: POP_1GSK10062 | G143: {=IFERROR(INDEX('PM POWERSUPPLY RJBT1'!BC:BC,MATCH(E143,'PM POWERSUPPLY RJBT1'!B:B,0)),"BELUM TERDATA")} -> 100 | H143: {=IFERROR(INDEX('PM AC RJBT'!J:J,MATCH(E143,'PM AC RJBT'!A:A,0)),"NON-AC ICON")} -> 100 | I143: {=IFERROR(INDEX('PM GENSET RJBT'!AJ:AJ,MATCH(E143,'PM GENSET RJBT'!B:B,0)),"TIDAK ADA GENSET")} -> TIDAK ADA GENSET | J143: {=IFERROR(INDEX('PM POP RJBT'!P:P,MATCH(E143,'PM POP RJBT'!D:D,0)),"")*100} -> 100 | K143: =ROUND(((IF(G143="BELUM TERDATA",0,G143)*30)+(IF(H143="NON-AC ICON",100,H143)*15)+(IF(I143="TIDAK ADA GENSET",100,I143)*15)+(IF(J143="",100,J143)*40))/100,0) -> 100 | L143: =IF(K143>=80,"GOOD CONDITION",IF(K143>=60,"WARNING", IF(K143>=40,"NEED CHECK", "DANGEROUS"))) -> GOOD CONDITION
A144: MADIUN | B144: POP-D | C144: POP_1MGT10015_MAOSPATI ULP ODC PLN | D144: NON - OLT | E144: POP_1MGT10015 | G144: {=IFERROR(INDEX('PM POWERSUPPLY RJBT1'!BC:BC,MATCH(E144,'PM POWERSUPPLY RJBT1'!B:B,0)),"BELUM TERDATA")} -> 100 | H144: {=IFERROR(INDEX('PM AC RJBT'!J:J,MATCH(E144,'PM AC RJBT'!A:A,0)),"NON-AC ICON")} -> 100 | I144: {=IFERROR(INDEX('PM GENSET RJBT'!AJ:AJ,MATCH(E144,'PM GENSET RJBT'!B:B,0)),"TIDAK ADA GENSET")} -> TIDAK ADA GENSET | J144: {=IFERROR(INDEX('PM POP RJBT'!P:P,MATCH(E144,'PM POP RJBT'!D:D,0)),"")*100} -> 0 | K144: =ROUND(((IF(G144="BELUM TERDATA",0,G144)*30)+(IF(H144="NON-AC ICON",100,H144)*15)+(IF(I144="TIDAK ADA GENSET",100,I144)*15)+(IF(J144="",100,J144)*40))/100,0) -> 60 | L144: =IF(K144>=80,"GOOD CONDITION",IF(K144>=60,"WARNING", IF(K144>=40,"NEED CHECK", "DANGEROUS"))) -> WARNING
A145: MADIUN | B145: POP-D | C145: POP_1TBN10002_MLIWANG GI PLC PLN | D145: NON - OLT | E145: POP_1TBN10002 | F145: PLC | G145: {=IFERROR(INDEX('PM POWERSUPPLY RJBT1'!BC:BC,MATCH(E145,'PM POWERSUPPLY RJBT1'!B:B,0)),"BELUM TERDATA")} -> 100 | H145: {=IFERROR(INDEX('PM AC RJBT'!J:J,MATCH(E145,'PM AC RJBT'!A:A,0)),"NON-AC ICON")} -> NON-AC ICON | I145: {=IFERROR(INDEX('PM GENSET RJBT'!AJ:AJ,MATCH(E145,'PM GENSET RJBT'!B:B,0)),"TIDAK ADA GENSET")} -> TIDAK ADA GENSET | J145: {=IFERROR(INDEX('PM POP RJBT'!P:P,MATCH(E145,'PM POP RJBT'!D:D,0)),"")*100} -> 0 | K145: =ROUND(((IF(G145="BELUM TERDATA",0,G145)*30)+(IF(H145="NON-AC ICON",100,H145)*15)+(IF(I145="TIDAK ADA GENSET",100,I145)*15)+(IF(J145="",100,J145)*40))/100,0) -> 60 | L145: =IF(K145>=80,"GOOD CONDITION",IF(K145>=60,"WARNING", IF(K145>=40,"NEED CHECK", "DANGEROUS"))) -> WARNING
A146: SURABAYA | B146: POP-D | C146: POP_1JBG005_MOJOAGUNG ULP MINI ODC PLN | D146: NON - OLT | E146: POP_1JBG005 | G146: {=IFERROR(INDEX('PM POWERSUPPLY RJBT1'!BC:BC,MATCH(E146,'PM POWERSUPPLY RJBT1'!B:B,0)),"BELUM TERDATA")} -> 100 | H146: {=IFERROR(INDEX('PM AC RJBT'!J:J,MATCH(E146,'PM AC RJBT'!A:A,0)),"NON-AC ICON")} -> NON-AC ICON | I146: {=IFERROR(INDEX('PM GENSET RJBT'!AJ:AJ,MATCH(E146,'PM GENSET RJBT'!B:B,0)),"TIDAK ADA GENSET")} -> TIDAK ADA GENSET | J146: {=IFERROR(INDEX('PM POP RJBT'!P:P,MATCH(E146,'PM POP RJBT'!D:D,0)),"")*100} -> 100 | K146: =ROUND(((IF(G146="BELUM TERDATA",0,G146)*30)+(IF(H146="NON-AC ICON",100,H146)*15)+(IF(I146="TIDAK ADA GENSET",100,I146)*15)+(IF(J146="",100,J146)*40))/100,0) -> 100 | L146: =IF(K146>=80,"GOOD CONDITION",IF(K146>=60,"WARNING", IF(K146>=40,"NEED CHECK", "DANGEROUS"))) -> GOOD CONDITION
A147: SURABAYA | B147: POP-D | C147: POP_1MJK005_MOJOKERTO KOTA ULP MINI ODC PLN | D147: NON - OLT | E147: POP_1MJK005 | G147: {=IFERROR(INDEX('PM POWERSUPPLY RJBT1'!BC:BC,MATCH(E147,'PM POWERSUPPLY RJBT1'!B:B,0)),"BELUM TERDATA")} -> 100 | H147: {=IFERROR(INDEX('PM AC RJBT'!J:J,MATCH(E147,'PM AC RJBT'!A:A,0)),"NON-AC ICON")} -> NON-AC ICON | I147: {=IFERROR(INDEX('PM GENSET RJBT'!AJ:AJ,MATCH(E147,'PM GENSET RJBT'!B:B,0)),"TIDAK ADA GENSET")} -> TIDAK ADA GENSET | J147: {=IFERROR(INDEX('PM POP RJBT'!P:P,MATCH(E147,'PM POP RJBT'!D:D,0)),"")*100} -> 100 | K147: =ROUND(((IF(G147="BELUM TERDATA",0,G147)*30)+(IF(H147="NON-AC ICON",100,H147)*15)+(IF(I147="TIDAK ADA GENSET",100,I147)*15)+(IF(J147="",100,J147)*40))/100,0) -> 100 | L147: =IF(K147>=80,"GOOD CONDITION",IF(K147>=60,"WARNING", IF(K147>=40,"NEED CHECK", "DANGEROUS"))) -> GOOD CONDITION
A148: SURABAYA | B148: POP-D | C148: POP_1MJK003_MOJOKERTO UP3 SHELTER PLN | D148: NON - OLT | E148: POP_1MJK003 | F148: SHELTER | G148: {=IFERROR(INDEX('PM POWERSUPPLY RJBT1'!BC:BC,MATCH(E148,'PM POWERSUPPLY RJBT1'!B:B,0)),"BELUM TERDATA")} -> 100 | H148: {=IFERROR(INDEX('PM AC RJBT'!J:J,MATCH(E148,'PM AC RJBT'!A:A,0)),"NON-AC ICON")} -> 100 | I148: {=IFERROR(INDEX('PM GENSET RJBT'!AJ:AJ,MATCH(E148,'PM GENSET RJBT'!B:B,0)),"TIDAK ADA GENSET")} -> 60 | J148: {=IFERROR(INDEX('PM POP RJBT'!P:P,MATCH(E148,'PM POP RJBT'!D:D,0)),"")*100} -> 100 | K148: =ROUND(((IF(G148="BELUM TERDATA",0,G148)*30)+(IF(H148="NON-AC ICON",100,H148)*15)+(IF(I148="TIDAK ADA GENSET",100,I148)*15)+(IF(J148="",100,J148)*40))/100,0) -> 94 | L148: =IF(K148>=80,"GOOD CONDITION",IF(K148>=60,"WARNING", IF(K148>=40,"NEED CHECK", "DANGEROUS"))) -> GOOD CONDITION
A149: SURABAYA | B149: POP-D | C149: POP_1MJK002_MOJOSARI UP PLN | D149: NON - OLT | E149: POP_1MJK002 | G149: {=IFERROR(INDEX('PM POWERSUPPLY RJBT1'!BC:BC,MATCH(E149,'PM POWERSUPPLY RJBT1'!B:B,0)),"BELUM TERDATA")} -> 100 | H149: {=IFERROR(INDEX('PM AC RJBT'!J:J,MATCH(E149,'PM AC RJBT'!A:A,0)),"NON-AC ICON")} -> NON-AC ICON | I149: {=IFERROR(INDEX('PM GENSET RJBT'!AJ:AJ,MATCH(E149,'PM GENSET RJBT'!B:B,0)),"TIDAK ADA GENSET")} -> TIDAK ADA GENSET | J149: {=IFERROR(INDEX('PM POP RJBT'!P:P,MATCH(E149,'PM POP RJBT'!D:D,0)),"")*100} -> 100 | K149: =ROUND(((IF(G149="BELUM TERDATA",0,G149)*30)+(IF(H149="NON-AC ICON",100,H149)*15)+(IF(I149="TIDAK ADA GENSET",100,I149)*15)+(IF(J149="",100,J149)*40))/100,0) -> 100 | L149: =IF(K149>=80,"GOOD CONDITION",IF(K149>=60,"WARNING", IF(K149>=40,"NEED CHECK", "DANGEROUS"))) -> GOOD CONDITION
A150: JEMBER | B150: POP-D | C150: POP_1BYW007_MUNCAR ULP PLN | D150: NON - OLT | E150: POP_1BYW007 | G150: {=IFERROR(INDEX('PM POWERSUPPLY RJBT1'!BC:BC,MATCH(E150,'PM POWERSUPPLY RJBT1'!B:B,0)),"BELUM TERDATA")} -> 100 | H150: {=IFERROR(INDEX('PM AC RJBT'!J:J,MATCH(E150,'PM AC RJBT'!A:A,0)),"NON-AC ICON")} -> 100 | I150: {=IFERROR(INDEX('PM GENSET RJBT'!AJ:AJ,MATCH(E150,'PM GENSET RJBT'!B:B,0)),"TIDAK ADA GENSET")} -> TIDAK ADA GENSET | J150: {=IFERROR(INDEX('PM POP RJBT'!P:P,MATCH(E150,'PM POP RJBT'!D:D,0)),"")*100} -> 100 | K150: =ROUND(((IF(G150="BELUM TERDATA",0,G150)*30)+(IF(H150="NON-AC ICON",100,H150)*15)+(IF(I150="TIDAK ADA GENSET",100,I150)*15)+(IF(J150="",100,J150)*40))/100,0) -> 100 | L150: =IF(K150>=80,"GOOD CONDITION",IF(K150>=60,"WARNING", IF(K150>=40,"NEED CHECK", "DANGEROUS"))) -> GOOD CONDITION
...

Sheet PM AC RJBT
A1: ID POP | B1: Lokasi | C1: Kategori | D1: Model | E1: pemilik | F1: note | G1: SUHU RUANGAN | H1: KONDISI AC | I1: PREVENTIVE MAINTENANCE | J1: HEALTH INDEX AC | K1: Last PM | L1: tgl PM #1 | M1: tgl PM #2 | N1: tgl PM #3 | O1: tgl PM #4 | P1: temuan | Q1: status temuan | R1: Area Servpo | S1: jadwal next PM | T1: selisih | U1: alarm | V1: need new AC | W1: ada prgkt besar | X1: thn install | Y1: jml AC | Z1: BIAYA SERVICE AC | AA1: merk AC #1 | AB1: TIpe AC #1 | AC1: kap. AC #1 | AD1: Jenis Freon AC #1 | AE1: thn manufaktur AC #1 | AF1: install date AC #1 | AG1: SN AC #1 | AH1: SUHU AC #1 | AI1: Besar Arus (A) AC # 1 | AJ1: merk AC #2 | AK1: tipe AC #2 | AL1: kap. AC #2 | AM1: Jenis Freon AC #2 | AN1: thn manufaktur AC #2 | AO1: install date AC #2 | AP1: SN AC #2 | AQ1: SUHU AC #2 | AR1: Besar Arus (A) AC # 2 | AS1: merk AC #3 | AT1: tipe AC #3 | AU1: kap. AC #3 | AV1: jenis freon AC #3 | AW1: thn manufaktur #3 | AX1: install date AC #3 | AY1: SN AC #3 | AZ1: Suhu AC # 3 | BA1: Besar Arus (A) AC #3 | BB1: merk AC #42 | BC1: tipe AC #4 | BD1: kap. AC #4 | BE1: jenis freon AC #4 | BF1: thn manufaktur #4 | BG1: install date AC #4
A2: POP_1BJN001 | B2: BABAT GI SHELTER PLN | C2: POP-B | D2: Shelter | E2: ICON+ | G2: NORMAL | H2: NORMAL | I2: NORMAL | J2: =IF(G2="NORMAL",50,0)+IF(H2="NORMAL",20,0)+IF(I2="NORMAL",30,0) -> 100 | K2: 46196 | L2: 46044 | M2: 46196 | P2: sdh lemah sudah berumur 13th | Q2: done | R2: TUBAN | S2: 21-Oct-26 | T2: 27 | W2: ya | Y2: 3 | AA2: Daikin | AB2: AC-0035-024 | AC2: 1,5 PK | AD2: R32 | AE2: 2024 | AF2: 2024 | AH2: 2,7 Derajat Celcius | AJ2: Daikin R32 | AK2: AC-0035-014 | AL2: 1.5 PK | AM2: r32 | AN2: 2014 | AO2: 2014 | AQ2: 10,2 Derajat Celcius | AR2: 6,6 Ampere | AS2: Daikin | AT2: AC-0035-025 | AU2: 1.5 PK | AV2: r32 | AW2: 2025 | AX2: 11-Aug-25 | AY2: E333942 / E345485 | AZ2: 1,1 Derajat Celcius
P3: 11aug 2025 : ganti ac 1,5pk
A4: POP_1SDA002 | B4: WARU GI SHELTER-1 PLN | C4: POP-SB | D4: Shelter | E4: ICON+ | G4: NORMAL | H4: NORMAL | I4: NORMAL | J4: =IF(G4="NORMAL",50,0)+IF(H4="NORMAL",20,0)+IF(I4="NORMAL",30,0) -> 100 | K4: 10-May-26 | L4: 46071 | M4: 10-May-26 | R4: SIDOARJO | S4: 46272 | T4: 71 | W4: ya | X4: 2022 | Y4: 4 | AA4: Daikin R22 | AC4: 1,5 PK | AJ4: Daikin R32 | AL4: 1,5 PK | AS4: Daikin | AU4: 2 PK | AX4: 44562 | BB4: Daikin | BD4: 2 PK | BG4: 44562
A5: POP_1BJN003 | B5: BOJONEGORO UP3 PLN | C5: POP-D | D5: Building | E5: ICON+ | G5: NORMAL | H5: NORMAL | I5: NORMAL | J5: =IF(G5="NORMAL",50,0)+IF(H5="NORMAL",20,0)+IF(I5="NORMAL",30,0) -> 100 | K5: 46196 | L5: 46044 | M5: 46196 | P5: 22 Jan 2026 : AC muncul es | 23 Juni 2026 : Plafon PoP Jebol | Q5: done | | R5: TUBAN | S5: 21-Oct-26 | T5: 27 | W5: YA | Y5: 1 | AA5: Daikin | AB5: AC-0050-020 | AC5: 2 pk | AD5: R32 | AE5: 2020 | AF5: 2020
A6: POP_1KDR10048 | B6: BANARAN GI 2 SHELTER PLN | C6: POP-B | D6: Shelter | E6: ICON+ | F6: Penggantian AC Baru | G6: NORMAL | H6: NORMAL | I6: NORMAL | J6: =IF(G6="NORMAL",50,0)+IF(H6="NORMAL",20,0)+IF(I6="NORMAL",30,0) -> 100 | K6: 46197 | L6: 46045 | M6: 46129 | N6: 46140 | O6: 46197 | R6: KEDIRI | S6: 22-Oct-26 | T6: 26 | W6: YA | X6: 2024 | Y6: 3 | AA6: Daikin R32 | AB6: FTC50-NV14 | AC6: 2PK | AD6: R32 | AE6: 2023 | AF6: 30-Oct-24 | AH6: 28 Apr 26 : 7,9 Derajat Celcius. 24 Jun 26 : Suhu AC 11,2 Derajat Celcius, Suhu Perangkat : 20 Derajat Celcius | AI6: 24 Jun 26 : 6,6 A | AJ6: GREE | AK6: GWC-18N1/I | AL6: 2 PK | AM6: R32 | AN6: 2025 | AO6: 46129 | AQ6: 28 Apr 26 : 9,1 Derajat Celcius. 24 Jun 26 : Suhu AC : 12,2 Derajat Celcius. Suhu Perangkat 20 Derajat Celcius. | AR6: 24 Juni 2026 :5,6 A | AS6: Daikin R32 | AT6: FTC35-NV14 | AU6: 1.5 PK | AV6: R32 | AW6: 2022 | AX6: 44814 | AZ6: 28 Apr 26 : 10,1 Derajat Celcius. 24 Jun 26 : Suhu AC : 12,3 Derajat Celcius, Suhu Perangkat : 20 ,6 Derajat Celcius. | BA6: 24 Juni 2026 : 5,0 A
A7: POP_1KDR002 | B7: BANARAN GI SHELTER PLN | C7: POP-B | D7: Shelter | E7: ICON+ | G7: NORMAL | H7: NORMAL | I7: NORMAL | J7: =IF(G7="NORMAL",50,0)+IF(H7="NORMAL",20,0)+IF(I7="NORMAL",30,0) -> 100 | K7: 46197 | L7: 46045 | M7: 46125 | N7: 46140 | O7: 46197 | R7: KEDIRI | S7: 22-Oct-26 | T7: 26 | W7: YA | Y7: 4 | AA7: Daikin R32 | AB7: FTC35-NV14 | AC7: 1.5 PK | AD7: R32 | AE7: 2022 | AF7: 44936 | AH7: 28 Apr 26 : 10,2 Derajat Celcius. 24 Jun 26 : Suhu AC 14,3 Derajat Celcius, Suhu Perangkat : 18,7 Derajat Celcius | AI7: 24 Jun 26 : 5,4 A | AJ7: Daikin R22 | AK7: FTC35-NV14 | AL7: 1.5 PK | AM7: R32 | AN7: 2012 | AO7: 30-Oct-12 | AQ7: 28 Apr 26 : 10,6 Derajat Celcius. 24 Jun 26 : Suhu AC 14,5 Derajat Celcius, Suhu Perangkat : 18 ,7 Derajat Celcius | AR7: 24 Jun 26 : 5,2 A | AS7: Daikin R32 | AT7: FTC50-NV14 | AU7: 2 PK | AV7: R32 | AW7: 2022 | AX7: 44875 | AZ7: 28 Apr 26 : 8,1 Derajat Celcius. 24 Jun 26 : Suhu AC 10,0 Derajat Celcius. Suhu Perangkat : 18 ,4 Derajat Celcius. | BA7: 24 Jun 26 : 5,7 A | BB7: Daikin R32 | BC7: FTC50-NV14 | BD7: 2 PK | BE7: R32 | BF7: 2023 | BG7: 45381
A8: POP_1PSR004 | B8: BANGIL GI SHELTER PLN | C8: POP-B | D8: Shelter | E8: ICON+ | G8: NORMAL | H8: NORMAL | I8: NORMAL | J8: =IF(G8="NORMAL",50,0)+IF(H8="NORMAL",20,0)+IF(I8="NORMAL",30,0) -> 100 | K8: 19-May-26 | L8: 46072 | M8: 19-May-26 | P8: AC inverter sering rusak sudah berumur 9th (done 22sep 2025 : replace AC) | Q8: done | R8: PROBOLINGGO | S8: 46281 | T8: 62 | W8: ya | Y8: 2 | AA8: Gree | AB8: GWC12MOO5A | AC8: 1.5 PK | AD8: R32 | AE8: 2025 | AF8: 45922 | AH8: 14,5 Derajat Celcius | AJ8: DAIKIN | AK8: FTC35-NV10 | AL8: 1.5 PK | AM8: R32 | AQ8: 17,0 Derajat Celcius
A9: POP_1BKL002 | B9: BANGKALAN GI SHELTER PLN | C9: POP-B | D9: Shelter | E9: ICON+ | G9: NORMAL | H9: NORMAL | I9: NORMAL | J9: =IF(G9="NORMAL",50,0)+IF(H9="NORMAL",20,0)+IF(I9="NORMAL",30,0) -> 100 | K9: 12-May-26 | L9: 46065 | M9: 12-May-26 | R9: MADURA | S9: 46274 | T9: 69 | W9: YA | Y9: 2 | AA9: DAIKIN | AB9: FTC35-NV14 | AC9: 1.5 PK | AD9: R32 | AE9: 2025 | AF9: 45746 | AJ9: DAIKIN | AK9: FTC35-NV14 | AL9: 1.5 PK | AM9: R32 | AN9: 2025 | AO9: 45746
A10: POP_1BYW005 | B10: BANYUWANGI GI SHELTER PLN | C10: POP-B | D10: Shelter | E10: ICON+ | F10: AC sudah lama | G10: NORMAL | H10: NORMAL | I10: NORMAL | J10: =IF(G10="NORMAL",50,0)+IF(H10="NORMAL",20,0)+IF(I10="NORMAL",30,0) -> 100 | K10: 20-May-26 | L10: 46071 | M10: 20-May-26 | R10: BANYUWANGI | S10: 46282 | T10: 61 | V10: 2PK | W10: YA | Y10: 3 | AA10: PANASONIC | AB10: AC-0050-16 / CSYN18WKJ | AC10: 2 PK | AD10: R32 | AE10: 2016 | AF10: 2016 | AH10: 12,3 Derajat Celcius | AJ10: PANASONIC | AK10: CSYN18WKJ | AL10: 2 PK | AM10: R32 | AN10: 2016 | AO10: 2016 | AQ10: 10 Derajat Celcius | AS10: DAIKIN | AT10: FTC50-NV14 | AU10: 2pk | AV10: R32 | AW10: 2024 | AX10: 2024 | AZ10: 9,9 Derajat Celcius | BB10: DAIKIN | BC10: FTC50-NV14 | BD10: 2PK | BE10: R32 | BF10: 2024 | BG10: 45763
G11: NORMAL | H11: NORMAL | I11: NORMAL | J11: =IF(G11="NORMAL",50,0)+IF(H11="NORMAL",20,0)+IF(I11="NORMAL",30,0) -> 100 | P11: 4sep : replace ac. || PM AC 2026 : AC outdoor Unit 2 Berkarat, kompresor panas karena freon kosong. Unit AC Outdoor Unit AC 1 dan 2 dilakukan penggantian (4 Mei 2026) kondisi outdoor AC berkarat.
A12: POP_1SBY011 | B12: DISJATIM PLN | C12: POP-B | D12: Building | E12: ICON+ | G12: NORMAL | H12: NORMAL | I12: NORMAL | J12: =IF(G12="NORMAL",50,0)+IF(H12="NORMAL",20,0)+IF(I12="NORMAL",30,0) -> 100 | K12: 46179 | L12: 46093 | M12: 06-May-26 | N12: 46179 | P12: 2025 : AC 2PK berkarat sudah 8 tahun mengakibatkan bocor freon || 4 Juni 2026 : AC Unit 1 , Evaporator Bocor, Compressor Overheat, Hightemp EA . | Q12: done | R12: SURABAYA | S12: 04-Oct-26 | T12: 44 | V12: 2 PK | W12: ya | Y12: 2 | AA12: GREE | AC12: 2 PK | AF12: 46198 | AH12: 4 Juni 2026 : 19,4 Derajat Celcius || 25 Juni 2026 : 12, 4 Derajat Celcius | AI12: 4 Juni 2026 : 7,55 Ampere | 25 Juni 2026 : 5,51 Ampere | AJ12: Daikin R32 | AL12: 1.5 PK | AQ12: 4 Juni 2026 : 15,6 Derajat Celcius | 25 Juni 2026 : 8,7 Derajat Celcius | AR12: 25 Juni 2026 : 5,10 Ampere
A13: POP_1PSN003 | B13: GONDANGWETAN GI SHELTER PLN | C13: POP-B | D13: Shelter | E13: ICON+ | G13: NORMAL | H13: NORMAL | I13: NORMAL | J13: =IF(G13="NORMAL",50,0)+IF(H13="NORMAL",20,0)+IF(I13="NORMAL",30,0) -> 100 | K13: 19-May-26 | L13: 46074 | M13: 19-May-26 | P13: 4 jul 2025 : overload kompresor (done perbaikan) || | Q13: done | R13: PROBOLINGGO | S13: 46281 | T13: 62 | W13: ya | X13: 2024 | Y13: 2 | AA13: Daikin R32 | AB13: FTC35-NV14 | AC13: 1.5 PK | AD13: R32 | AE13: 2025 | AF13: 45922 | AH13: 18,0 Derajat Celcius | AJ13: Daikin R32 | AK13: FTC35-NV10 | AL13: 1,5 PK | AM13: R32 | AN13: 2014 | AO13: 41728 | AQ13: 18,5 Derajat Celcius
A14: POP_1JMR001 | B14: JEMBER GI SHELTER PLN | C14: POP-B | D14: Shelter | E14: ICON+ | G14: NORMAL | H14: NORMAL | I14: NORMAL | J14: =IF(G14="NORMAL",50,0)+IF(H14="NORMAL",20,0)+IF(I14="NORMAL",30,0) -> 100 | K14: 21-May-26 | L14: 46071 | M14: 21-May-26 | R14: JEMBER | S14: 46283 | T14: 60 | W14: YA | X14: 2018 | Y14: 2 | AA14: DAIKIN | AB14: AC-0035-022 / FTC35-NV14 | AC14: 1.5 PK | AD14: R32 | AE14: 2022 | AF14: 2022 | AH14: 12,3 Derajat Celcius | AJ14: DAIKIN | AK14: AC-0035-022 / FTC35-NV14 | AL14: 1.5 PK | AM14: R32 | AN14: 2022 | AO14: 2022 | AP14: 20641512 | AQ14: 13,3 Derajat Celcius
A15: POP_1MLG009 | B15: KEBON AGUNG GI SHELTER PLN | C15: POP-B | D15: Shelter | E15: ICON+ | G15: NORMAL | H15: NORMAL | I15: NORMAL | J15: =IF(G15="NORMAL",50,0)+IF(H15="NORMAL",20,0)+IF(I15="NORMAL",30,0) -> 100 | K15: 46202 | L15: 46066 | M15: 05-May-26 | N15: 46202 | R15: MALANG | S15: 27-Oct-26 | T15: 21 | W15: YA | Y15: 4 | AA15: Daikin | AB15: FTC35-NV14 | AC15: 1.5 PK | AD15: R32 | AE15: 2024 | AF15: 23-May-24 | AH15: 5 Mei 2026 : 10 Derajat Celcius. 29 Juni 2026 : Suhu AC 12 Derajat Celcius, Suhu Perangkat 20,1 Derajat Celcius | AI15: 29 Juni 2026 : 4,9 A | AJ15: Daikin | AK15: FTC50-NV14 | AL15: 2 PK | AM15: R32 | AN15: 2024 | AO15: 23-May-24 | AQ15: 5 Mei 2026 : 10,5 Derajat Celcius. 29 Juni 2026 : Suhu 11,3 Derajat Celcius. Suhu Perangkat 20,1 Derajat Celcius. | AR15: 29 Juni 2026 : 5,1 A | AS15: Daikin | AT15: FTC35-NV14 | AU15: 1,5 PK | AV15: R32 | AW15: 2025 | AX15: 45746 | AZ15: 5 Mei 2026 : 10,2 Derajat Celcius. 29 Juni 2026 : Suhu AC 12,0 Derajat Celcius. Suhu Perangkat 20,1 Derajat Celcius. | BA15: 29 Juni 26 : 5,0 A | BB15: Daikin | BC15: FTC50-NV14 | BD15: 2 PK | BE15: R32 | BF15: 2025 | BG15: 45746
A16: POP_1BJN004 | B16: PADANGAN ULP ODC PLN | C16: POP-D | D16: ODC | E16: ICON+ | G16: NORMAL | H16: NORMAL | I16: NORMAL | J16: =IF(G16="NORMAL",50,0)+IF(H16="NORMAL",20,0)+IF(I16="NORMAL",30,0) -> 100 | K16: 46196 | L16: 46045 | M16: 46196 | P16: 2025 : AC ODC mati (done perbaikan modul) || | Q16: done | R16: TUBAN | S16: 21-Oct-26 | T16: 27 | Y16: 1 | AA16: DBS | AB16: ACZB-008-022 | AC16: 1/6PK | AD16: R134a | AE16: 2022 | AF16: 2022 | AH16: 10,2 Derajat Celcius
A17: POP_1KPN016 | B17: LAWANG GI SHELTER PLN | C17: POP-B | D17: Shelter | E17: ICON+ | G17: NORMAL | H17: NORMAL | I17: NORMAL | J17: =IF(G17="NORMAL",50,0)+IF(H17="NORMAL",20,0)+IF(I17="NORMAL",30,0) -> 100 | K17: 46202 | L17: 46066 | M17: 05-May-26 | N17: 46202 | R17: MALANG | S17: 27-Oct-26 | T17: 21 | W17: YA | Y17: 4 | AA17: DAIKIN | AB17: FTC50-NV14 | AC17: 2 PK | AD17: R32 | AE17: 2024 | AF17: 30-Aug-24 | AH17: 5 Mei 26 : 12,2 Derajat Celcius. 29 Jun 26 : Suhu AC 13,3 Derajat Celcius. Suhu Perangkat 23,4 Derajat Celcius. | AI17: 29 Jun 26 : 6,8 A | AJ17: DAIKIN | AK17: FTC35-NV14 | AL17: 1.5 PK | AM17: R32 | AN17: 2024 | AO17: 30-Aug-24 | AQ17: 5 Mei 26 : 13,7 Derajat Celcius. 29 Jun 26 : Suhu AC 13,4 Derajat Celcius. Suhu Perangkat 23,4 Derajat Celcius. | AR17: 29 Jun 26 : 5,7 A | AS17: DAIKIN | AT17: FTC35-NV14 | AU17: 1.5 PK | AV17: R32 | AW17: 2025 | AX17: 45746 | AZ17: 5 Mei 26 : 12,0 Derajat Celcius. 29 Jun 26 : Suhu AC 13,0 Derajat Celcius. Suhu Perangkat 23,4 Derajat Celcius. | BA17: 29 Juni 26 : 4,8 A | BB17: DAIKIN | BC17: FTC35-NV14 | BD17: 1.5 PK | BE17: R32 | BF17: 2025 | BG17: 45746
A18: POP_1LMJ001 | B18: LUMAJANG GI SHELTER PLN | C18: POP-B | D18: Shelter | E18: ICON+ | G18: NORMAL | H18: NORMAL | I18: NORMAL | J18: =IF(G18="NORMAL",50,0)+IF(H18="NORMAL",20,0)+IF(I18="NORMAL",30,0) -> 100 | K18: 22-May-26 | L18: 46072 | M18: 22-May-26 | P18: 22 Sep 2025 : AC no 2.erlu penggantian unit, karena unit sudah gak bisa bekerja secara maximal || | R18: JEMBER | S18: 46284 | T18: 59 | V18: 1,5pk | W18: YA | Y18: 3 | AA18: DAIKIN | AB18: FTC35-NV14 | AC18: 1,5 PK | AD18: R32 | AE18: 2018 | AF18: 43365 | AH18: 13,0 Derajat Celcius | AJ18: DAIKIN | AK18: FTC35-NV14 | AL18: 1,5 PK | AM18: R32 | AN18: 2018 | AO18: ######## | AQ18: 13,1 Derajat Celcius | AS18: DAIKIN | AT18: FTC50-NV14 | AU18: 2 PK | AV18: R32 | AW18: 2023 | AX18: 30-Aug-23 | AZ18: 12,2 Derajat Celcius
A19: POP_1BKL001 | B19: BANGKALAN ULP PLN | C19: POP-D | D19: Building | E19: ICON+ | G19: NORMAL | H19: NORMAL | I19: NORMAL | J19: =IF(G19="NORMAL",50,0)+IF(H19="NORMAL",20,0)+IF(I19="NORMAL",30,0) -> 100 | K19: 46065 | L19: 46065 | P19: 22 sep 2025 : Unit outdoor ngefrezee sm colokan indoor sdh ngefong || | R19: MADURA | S19: 46223 | T19: 158 | U19: SEGERA SERVIS | Y19: 1 | AA19: Samsung | AB19: AR09TGHQASINSE | AC19: 1 pk | AD19: R32 | AE19: 2015 | AF19: 04-Oct-15
A20: POP_1BYW007 | B20: MUNCAR ULP PLN | C20: POP-D | D20: ODC | E20: ICON+ | G20: NORMAL | H20: NORMAL | I20: NORMAL | J20: =IF(G20="NORMAL",50,0)+IF(H20="NORMAL",20,0)+IF(I20="NORMAL",30,0) -> 100 | K20: 46071 | L20: 46071 | R20: BANYUWANGI | S20: 46223 | T20: 152 | X20: 2022 | Y20: 1 | AA20: DBS | AB20: ACZB-008-022 | AC20: 1/6 pk | AD20: R134A | AE20: 2022 | AF20: ########
A21: POP_1KRS001 | B21: PAITON GITET GI SHELTER PLN | C21: POP-B | D21: Shelter | E21: ICON+ | G21: NORMAL | H21: NORMAL | I21: NORMAL | J21: =IF(G21="NORMAL",50,0)+IF(H21="NORMAL",20,0)+IF(I21="NORMAL",30,0) -> 100 | K21: 20-May-26 | L21: 46070 | M21: 20-May-26 | R21: PROBOLINGGO | S21: 46282 | T21: 61 | W21: ya | Y21: 2 | AA21: Daikin R32 | AB21: AA-0035-015 / FTC35-NV14 | AC21: 1.5 PK | AD21: R32 | AE21: 2015 | AF21: 2015 | AH21: 15,0 Derajat Celcius | AJ21: DAIKIN | AK21: AC-0035-018 / FTC35-NV14 | AL21: 1.5 PK | AM21: R32 | AN21: 2015 | AO21: 2015 | AQ21: 14,5 Derajat Celcius
A22: POP_1PSR003 | B22: PASURUAN REPEATER SHELTER | C22: POP-B | D22: Shelter | E22: ICON+ | G22: NORMAL | H22: NORMAL | I22: NORMAL | J22: =IF(G22="NORMAL",50,0)+IF(H22="NORMAL",20,0)+IF(I22="NORMAL",30,0) -> 100 | K22: 18-May-26 | L22: 46072 | M22: 18-May-26 | P22: 1sep 2025 : replace kapasitor kompresor || | Q22: done | R22: PROBOLINGGO | S22: 46280 | T22: 63 | W22: ya | Y22: 1 | AA22: Daikin | AB22: FTC50-NV10 | AC22: 2 PK | AD22: R32 | AE22: 2018 | AF22: 43189 | AH22: 14,0 Derajat Celcius
A23: POP_1PBL001 | B23: PROBOLINGGO GI SHELTER PLN | C23: POP-B | D23: Shelter | E23: ICON+ | G23: NORMAL | H23: NORMAL | I23: NORMAL | J23: =IF(G23="NORMAL",50,0)+IF(H23="NORMAL",20,0)+IF(I23="NORMAL",30,0) -> 100 | K23: 19-May-26 | L23: 46072 | M23: 19-May-26 | R23: PROBOLINGGO | S23: 46281 | T23: 62 | W23: ya | Y23: 3 | AA23: DAIKIN | AB23: AC-0035-018 / FTC35-NV14 | AC23: 1.5 PK | AD23: R32 | AE23: 2018 | AF23: 2018 | AH23: 13,1 Derajat Celcius | AJ23: Mitsubisi | AK23: MS-F13VC | AL23: 1.5 PK | AM23: R22 | AN23: 2018 | AO23: 2018 | AQ23: 12,5 Derajat Celcius | AS23: DAIKIN | AT23: AC-0050-022 / FTC50-NV14 | AU23: 2 PK | AV23: 2022 | AW23: 2022 | AZ23: 12,0 Derajat Celcius
A24: POP_1GSK001 | B24: SIDAYU ULP GUDANG ODC PLN | C24: POP-D | D24: ODC | E24: ICON+ | F24: ODC Sudah Di Relokasi | G24: NORMAL | H24: NORMAL | I24: NORMAL | J24: =IF(G24="NORMAL",50,0)+IF(H24="NORMAL",20,0)+IF(I24="NORMAL",30,0) -> 100 | K24: 46220 | L24: 46220 | R24: GRESIK | S24: 46340 | T24: 3 | Y24: 1 | AA24: HUA RUI | AB24: ACHR-004-012 | AC24: 1/6 PK | AD24: R134A | AE24: 2012 | AF24: 2012
A25: POP_1GSK003 | B25: BENJENG ULP MINI ODC | C25: POP-D | D25: Mini ODC | E25: ICON+ | G25: NORMAL | H25: NORMAL | I25: NORMAL | J25: =IF(G25="NORMAL",50,0)+IF(H25="NORMAL",20,0)+IF(I25="NORMAL",30,0) -> 100 | K25: 46194 | L25: 46184 | M25: 46194 | P25: 11 Juni 2026 : AC ODC Rusak, Perlu Perbaikan | 21 Juni 2026 : Custom AC ODC | Q25: done | R25: GRESIK | S25: 19-Oct-26 | T25: 29 | Y25: 1 | AA25: REIWA | AC25: 1/6PK | AD25: R32 | AE25: 2022 | AF25: 46194 | AH25: 22,4 Derajat Celcius
A26: POP_1SIT001 | B26: SITUBONDO GI SHELTER PLN | C26: POP-B | D26: Shelter | E26: ICON+ | G26: NORMAL | H26: NORMAL | I26: NORMAL | J26: =IF(G26="NORMAL",50,0)+IF(H26="NORMAL",20,0)+IF(I26="NORMAL",30,0) -> 100 | K26: 20-May-26 | L26: 46070 | M26: 20-May-26 | R26: SITUBONDO | S26: 46282 | T26: 61 | W26: ya | Y26: 2 | AA26: Daikin | AB26: FTC35-NV14 | AC26: 1.5 PK | AD26: R32 | AE26: 2008 | AF26: 39713 | AH26: 15,0 Derajat Celcius | AJ26: Daikin | AK26: FTC35-NV14 | AL26: 1.5 PK | AM26: R32 | AN26: 2008 | AO26: 39713 | AQ26: 14,8 Derajat Celcius
A27: POP_1TLG001 | B27: TULUNGAGUNG GI SHELTER PLN | C27: POP-B | D27: Shelter | E27: ICON+ | G27: NORMAL | H27: NORMAL | I27: NORMAL | J27: =IF(G27="NORMAL",50,0)+IF(H27="NORMAL",20,0)+IF(I27="NORMAL",30,0) -> 100 | K27: 46197 | L27: 46048 | M27: 46141 | N27: 46197 | P27: 28 may 2025 : tambah freon AC2 || 26 Jan 2026 : Pipa Rusak dan Freon Kurang | Q27: 26 jan 2026 : Done Perbaikan Pipa dan Isi ulang freon || 29 April 2026 : AC 2 Kompresor tidak mau start / rusak | R27: TRENGGALEK | S27: 22-Oct-26 | T27: 26 | W27: YA | Y27: 2 | AA27: Daikin | AB27: FTC35-NV14 | AC27: 1.5 PK | AD27: R32 | AE27: 2025 | AF27: 45746 | AH27: 29 Apr 26 : 12,3 Derajat Celcius. 24 Jun 26 : Suhu AC 10 Derajat Celcius, Suhu Perangkat 21 Derajat Celcius | AI27: 24 Jun 26 : 4,5 A | AJ27: GREE | AK27: GWC12N1A/I | AL27: 1.5 PK | AM27: R32 | AN27: 2025 | AO27: 46141 | AQ27: 29 Apr 26 : 12,9 Derajat Celcius. 24 Jun 26 : Suhu AC 11,5 Derajat Celcius. Suhu Perangkat 21 Derajat Celcius. | AR27: 24 Jun 26 : 4,4 A
P28: 16 sep 2025 : kurang freon, indikasi pipa bocor || 29 April 2026 : AC Nomor 2 Kompressor tidak mau start / rusak sudah diganti dengan unit AC Baru 29 April 2026
A29: POP_1PSR005 | B29: UDIKLAT PANDAAN PLN | C29: POP-B | D29: Building | E29: ICON+ | G29: NORMAL | H29: NORMAL | I29: NORMAL | J29: =IF(G29="NORMAL",50,0)+IF(H29="NORMAL",20,0)+IF(I29="NORMAL",30,0) -> 100 | K29: 46202 | L29: 46114 | M29: 05-May-26 | N29: 46202 | P29: AC 2 mati hidup, bocor pipa (done perbaikan) | Q29: done | R29: MALANG | S29: 27-Oct-26 | T29: 21 | W29: YA | Y29: 2 | AA29: GREE | AB29: GWC12N1/0 | AC29: 1.5 PK | AD29: R32 | AE29: 2025 | AF29: 46065 | AH29: 5 Mei 26 : 12,7 Derajat Celcius. 29 Jun 26 : Suhu AC 15,6 Derajat Celcius. Suhu Perangkat 24,8 Derajat Celcius. | AI29: 29 Jun 26 : 4,7 Derajat Celcius | AJ29: Panasonic | AK29: CSYN18WKJ | AL29: 2 PK | AM29: R32 | AN29: 2012 | AO29: 04-Oct-12 | AQ29: 29 Jun 26 : Suhu AC 30 Derajat Celcius, Suhu Perangkat 29,8 derajat celcius | AR29: 29 Jun 26 : 9,3 A
P30: 11jun 2025 : replace AC 1,5pk to 2pk bekas up3 malang
A31: POP_1SDA004 | B31: WARU GI SHELTER-02 PLN | C31: POP-B | D31: Shelter | E31: ICON+ | G31: NORMAL | H31: NORMAL | I31: NORMAL | J31: =IF(G31="NORMAL",50,0)+IF(H31="NORMAL",20,0)+IF(I31="NORMAL",30,0) -> 100 | K31: 10-May-26 | L31: 46071 | M31: 10-May-26 | P31: pipa bocor (done 16 mei 2025) | Q31: done | R31: SIDOARJO | S31: 46272 | T31: 71 | W31: ya | Y31: 4 | AA31: Daikin | AC31: 2 PK | AJ31: Daikin | AL31: 2 PK | AS31: Daikin R22 | AU31: 1.5 PK | BB31: Daikin R22 | BD31: 1.5 PK
A32: POP_1SDA10027 | B32: WARU GI SHELTER-3 PLN | C32: POP-B | D32: Shelter | E32: ICON+ | G32: NORMAL | H32: NORMAL | I32: NORMAL | J32: =IF(G32="NORMAL",50,0)+IF(H32="NORMAL",20,0)+IF(I32="NORMAL",30,0) -> 100 | K32: 46193 | L32: 46071 | M32: 46122 | N32: 13-May-26 | O32: 46185 | P32: 12 Juni 2026 : Unit No 1 Rusak, Unit No 3 Bocor Freon AC Indoor (Done Pengisian Ulang Freon) | 20 Juni 2026 : Penggantian Unit AC 1 dan 3 | Q32: done | R32: SIDOARJO | S32: 18-Oct-26 | T32: 30 | W32: ya | Y32: 4 | AA32: Gree | AC32: 2 PK | AF32: 46193 | AH32: 7,1 Derajat Celcius | AJ32: Daikin R22 | AL32: 1.5 PK | AQ32: 12,7 Derajat Celcius | AS32: Gree | AU32: 2 PK | AZ32: 5, 6 Derajat Celcius | BB32: Daikin R22 | BD32: 2 PK
A33: POP_1SDA10124 | B33: WARU GI SHELTER-4 PLN | C33: POP-B | D33: Shelter | E33: ICON+ | G33: NORMAL | H33: NORMAL | I33: NORMAL | J33: =IF(G33="NORMAL",50,0)+IF(H33="NORMAL",20,0)+IF(I33="NORMAL",30,0) -> 100 | K33: 10-May-26 | L33: 46071 | M33: 10-May-26 | R33: SIDOARJO | S33: 46272 | T33: 71 | W33: ya | Y33: 6 | AA33: Daikin | AC33: 1.5 PK | AJ33: Daikin R22 | AL33: 1.5 PK | AS33: Daikin R22 | AU33: 1.5 PK | BB33: Daikin R22 | BD33: 1.5 PK
A34: POP_1KNR002 | B34: WLINGI GI SHELTER PLN | C34: POP-B | D34: Shelter | E34: ICON+ | G34: NORMAL | H34: NORMAL | I34: NORMAL | J34: =IF(G34="NORMAL",50,0)+IF(H34="NORMAL",20,0)+IF(I34="NORMAL",30,0) -> 100 | K34: 46198 | L34: 46066 | M34: 46142 | N34: 46198 | P34: 2025 : AC Nomor 2 Rusak | Q34: done | R34: MALANG | S34: 23-Oct-26 | T34: 25 | Y34: 2 | AA34: Gree | AB34: GWC18MOO5A | AC34: 2 PK | AD34: R32 | AE34: 2025 | AF34: 45746 | AH34: 30 Apr 26 : 8,2 Derajat Celcius. 25 Jun 26 : Suhu AC 11,0 Derajat Celcius. Suhu Perangkat 20,0 Derajat Celcius. | AI34: 25 Jun 26 : 7 A | AJ34: GREE | AK34: GWC12N1/0 | AL34: 1.5 PK | AM34: R32 | AN34: 2025 | AO34: ######## | AQ34: 30 Apr 26 : 11 Derajat Celcius. 25 Jun 26 : Suhu AC 11,8 Derajat Celcius. Suhu Perangkat 20,0 Derajat Celcius. | AR34: 25 Jun 26 : 4,6 A
A35: POP_1JMR10000 | B35: AMBULU ULP MINI ODC PLN | C35: POP-D | D35: Mini ODC | E35: ICON+ | G35: NORMAL | H35: NORMAL | I35: NORMAL | J35: =IF(G35="NORMAL",50,0)+IF(H35="NORMAL",20,0)+IF(I35="NORMAL",30,0) -> 100 | K35: 21-May-26 | L35: 46071 | M35: 21-May-26 | P35: rusak ac mini odc, AC dibawa pak novie | Q35: done | R35: JEMBER | S35: 46283 | T35: 60 | V35: AC odc | X35: 2022 | Y35: 1 | AA35: DBS | AB35: ACZB-008-002 | AC35: 1/6 PK | AD35: R134A | AE35: 2022 | AF35: 30-May-22 | AH35: 18,8 Derajat
P36: (done 23 sep 2025 replace ac)
A37: POP_1GSK004 | B37: GRESIK UP3 SHELTER PLN | C37: POP-D | D37: Shelter | E37: ICON+ | G37: NORMAL | H37: NORMAL | I37: NORMAL | J37: =IF(G37="NORMAL",50,0)+IF(H37="NORMAL",20,0)+IF(I37="NORMAL",30,0) -> 100 | K37: 46220 | L37: 46135 | M37: 46220 | P37: kondensor bocor (done las 1mar25) | Q37: done | R37: GRESIK | S37: 46340 | T37: 3 | W37: YA | Y37: 2 | AA37: Daikin | AB37: AC-0035-025 | AC37: 1.5 PK | AD37: R32 | AE37: 2025 | AF37: 13-Aug-25 | AH37: 17-Juli-2026 : Suhu AC 13,5 Derajat Celcius. | AJ37: Daikin | AK37: AC-0035-024 | AL37: 1,5 PK | AM37: R32 | AN37: 2024 | AO37: 2024
P38: 28apr 25 perbaikan unit lagi
P39: sering rusak sudah berumur 10th
P40: 13 aug : ganti AC daikin. 17-Juli-2026 : Timer Pembagi AC Rusak (On Progress)
A41: POP_1LMG006 | B41: BABAT ULP ODC 3 PINTU PLN | C41: POP-D | D41: ODC | E41: ICON+ | F41: Dudukan Kompresor Keropos | G41: NORMAL | H41: NORMAL | I41: NORMAL | J41: =IF(G41="NORMAL",50,0)+IF(H41="NORMAL",20,0)+IF(I41="NORMAL",30,0) -> 100 | K41: 46141 | L41: 46076 | M41: 46141 | R41: GRESIK | S41: 27-Aug-26 | T41: 82 | Y41: 1 | AA41: HOPEP | AB41: HPD800 | AC41: 1/6 PK | AD41: R134A | AE41: 2022 | AF41: 30-Aug-22
A42: POP_1MJK10034 | B42: BALAI DESA SEDURI MOJOSARI ODC | C42: POP-D | D42: ODC | E42: ICON+ | G42: NORMAL | H42: NORMAL | I42: NORMAL | J42: =IF(G42="NORMAL",50,0)+IF(H42="NORMAL",20,0)+IF(I42="NORMAL",30,0) -> 100 | K42: 30-May-26 | L42: 46083 | M42: 46122 | N42: 30-May-26 | P42: 27 sep 25 : replace AC ODC | R42: MOJOKERTO | S42: 46292 | T42: 51 | W42: ya | Y42: 1 | AA42: REIWA | AB42: CW-0501RA | AC42: 1/2PK | AD42: R32 | AE42: 2025 | AF42: 04-Oct-25
P43: 4 Okt 25 : replace AC window || 30 Mei 2026 : Kondisi di dalam ODC kering, Comlost EA
A44: POP_1GSK009 | B44: PERUM GKB GRESIK MINI ODC | C44: POP-A | D44: Mini ODC | E44: ICON+ | G44: NORMAL | H44: NORMAL | I44: NORMAL | J44: =IF(G44="NORMAL",50,0)+IF(H44="NORMAL",20,0)+IF(I44="NORMAL",30,0) -> 100 | K44: 0-Jan-1900 | P44: 2025 : overload AC (done perbaikan) | Q44: done | R44: GRESIK | S44: 46223 | T44: 46223 | U44: SEGERA SERVIS | Y44: 1 | AA44: DINDAN | AB44: ACZB-008-016 | AC44: 1/6 PK | AD44: R134A | AE44: 2016 | AF44: 2016
A45: POP_1GSK10062 | B45: MANYAR GI ODC PLN | C45: POP-D | D45: ODC | E45: ICON+ | G45: NORMAL | H45: NORMAL | I45: NORMAL | J45: =IF(G45="NORMAL",50,0)+IF(H45="NORMAL",20,0)+IF(I45="NORMAL",30,0) -> 100 | K45: 06-May-26 | L45: 06-May-26 | P45: 2025 : AC ODC Rusak Perlu Perbaikan | R45: GRESIK | S45: 46268 | T45: 75 | Y45: 1 | AA45: DBS | AB45: ACZB-008-022 | AC45: 1/6 pk | AD45: R134A | AE45: 2022 | AF45: 2022
A46: POP_1BYW10000 | B46: BANYUWANGI UP3 ODC PLN | C46: POP-D | D46: ODC | E46: ICON+ | G46: NORMAL | H46: NORMAL | I46: NORMAL | J46: =IF(G46="NORMAL",50,0)+IF(H46="NORMAL",20,0)+IF(I46="NORMAL",30,0) -> 100 | K46: 20-May-26 | L46: 46071 | M46: 20-May-26 | P46: 5feb 2025 : perbaikan pipa freon bocor (done) | Q46: done | R46: BANYUWANGI | S46: 46282 | T46: 61 | X46: 2022 | Y46: 1 | AA46: DBS / SANDA | AB46: ACZB-008-022 /SDCA-010 ED | AC46: 1/6 PK | AD46: R410 / R134A | AE46: 2022 | AF46: 2022 | AH46: 18,2 Derajat Celcius
P47: 27aug 2025 : pergantian unit AC
A48: POP_1BYW003 | B48: BANYUWANGI UP3 Ruangan PLN | C48: POP-D | D48: Building | E48: ICON+ | G48: NORMAL | H48: NORMAL | I48: NORMAL | J48: =IF(G48="NORMAL",50,0)+IF(H48="NORMAL",20,0)+IF(I48="NORMAL",30,0) -> 100 | K48: 20-May-26 | L48: 46071 | M48: 20-May-26 | R48: BANYUWANGI | S48: 46282 | T48: 61 | X48: 2018 | Y48: 1 | AA48: DAIKIN | AB48: AC-0035-020 / FTC35-NV14 | AC48: 1,5 PK | AD48: R32 | AE48: 2020 | AF48: 45292 | AH48: 13,5 Derajat Celcius
A49: POP_1BTU001 | B49: BATU ULP ODC-01 PLN | C49: POP-D | D49: ODC | E49: ICON+ | G49: NORMAL | H49: NORMAL | I49: NORMAL | J49: =IF(G49="NORMAL",50,0)+IF(H49="NORMAL",20,0)+IF(I49="NORMAL",30,0) -> 100 | K49: 46203 | L49: 46074 | M49: 06-May-26 | N49: 46203 | P49: 2025 : AC ODC bermasalah, replace AC window | Q49: done | R49: MALANG | S49: 28-Oct-26 | T49: 20 | Y49: 1 | AA49: REIWA | AB49: SD-800-022 | AC49: 1/6 PK | AD49: R134A | AE49: 2025 | AF49: 30-Feb-2025 | AH49: 6 mei 2026 : 15,6 Derajat Celcius. 30 Juni 2026 : Suhu AC 15,1 Derajat Celcius, Suhu Perangkat 28 ,8 Derajat Celcius | AI49: 30 Juni 2026 : 1,2 A
A50: POP_1BTU10001 | B50: BATU ULP ODC-02 PLN | C50: POP-D | D50: ODC | E50: ICON+ | G50: NORMAL | H50: NORMAL | I50: NORMAL | J50: =IF(G50="NORMAL",50,0)+IF(H50="NORMAL",20,0)+IF(I50="NORMAL",30,0) -> 100 | K50: 46203 | L50: 46074 | M50: 06-May-26 | N50: 46203 | R50: MALANG | S50: 28-Oct-26 | T50: 20 | W50: YA | Y50: 1 | AA50: SANDA | AB50: SD-800-022 | AC50: 1/6 PK | AD50: R134A | AE50: 2022 | AF50: 30-Aug-22 | AH50: 6 mei 2026 : 15 derajat Celcius. 30 Juni 2026 : Suhu AC 12,3 Derajat Celcius, Suhu Perangkat 24,5 Derajat Celcius. | AI50: 30 Juni 2026 : 3,8 A
A51: POP_1GSK10063 | B51: KASIH JATIM GI ODC PLN | C51: POP-D | D51: ODC | E51: ICON+ | G51: NORMAL | H51: NORMAL | I51: NORMAL | J51: =IF(G51="NORMAL",50,0)+IF(H51="NORMAL",20,0)+IF(I51="NORMAL",30,0) -> 100 | K51: 05-May-26 | L51: 05-May-26 | P51: 16jun 2025 : internal fan faulty | Q51: on progress | R51: GRESIK | S51: 46267 | T51: 76 | Y51: 1 | AA51: DBS | AB51: ACZB-008-022 | AC51: 1/6 PK | AD51: R134A | AE51: 2022 | AF51: 2022
A52: POP_1SIT003 | B52: BESUKI ULP PLN | C52: POP-D | D52: Building | E52: ICON+ | G52: NORMAL | H52: NORMAL | I52: NORMAL | J52: =IF(G52="NORMAL",50,0)+IF(H52="NORMAL",20,0)+IF(I52="NORMAL",30,0) -> 100 | K52: 20-May-26 | L52: 46070 | M52: 20-May-26 | R52: SITUBONDO | S52: 46282 | T52: 61 | Y52: 1 | AA52: DBS | HUA RUI | AB52: ACZB-008-022 | HRUC A 008N/E/D | AC52: 1/6 PK | AD52: R410 / R134A | AE52: 2022 | AF52: 2022 | AH52: 18,8 Derajat Celcius
A53: POP_1MLG10012 | B53: BLIMBING GI ODC PLN | C53: POP-D | D53: ODC | E53: ICON+ | G53: NORMAL | H53: NORMAL | I53: NORMAL | J53: =IF(G53="NORMAL",50,0)+IF(H53="NORMAL",20,0)+IF(I53="NORMAL",30,0) -> 100 | K53: 46202 | L53: 46066 | M53: 06-May-26 | N53: 46202 | R53: MALANG | S53: 27-Oct-26 | T53: 21 | Y53: 1 | AA53: DBS | AB53: ACZB-800-022 | AC53: 1/6 PK | AD53: R134A | AE53: 2022 | AF53: 30-Aug-22 | AH53: 6 Mei 26 : 13,0 Derajat Celcius. 29 Jun 26 : Suhu AC 16,6 Derajat Celcius. Suhu Perangkat 32,2 Derajat Celcius. | AI53: 29 Jun 26 : 5,9 A
A54: POP_1GSK10064 | B54: SEGOROMADU GI ODC PLN | C54: POP-D | D54: ODC | E54: ICON+ | G54: NORMAL | H54: NORMAL | I54: NORMAL | J54: =IF(G54="NORMAL",50,0)+IF(H54="NORMAL",20,0)+IF(I54="NORMAL",30,0) -> 100 | K54: 0-Jan-1900 | R54: GRESIK | S54: 46223 | T54: 46223 | U54: SEGERA SERVIS | Y54: 1 | AA54: DBS | AB54: ACZB-008-022 | AC54: 1/6 PK | AD54: R134A | AE54: 2022 | AF54: 2022
A55: POP_1BLT10002 | B55: BLITAR GI ODC PLN | C55: POP-D | D55: ODC | E55: ICON+ | G55: NORMAL | H55: NORMAL | I55: NORMAL | J55: =IF(G55="NORMAL",50,0)+IF(H55="NORMAL",20,0)+IF(I55="NORMAL",30,0) -> 100 | K55: 46198 | L55: 46048 | M55: 46142 | N55: 46198 | R55: KEDIRI | S55: 23-Oct-26 | T55: 25 | Y55: 1 | AA55: DBS | AB55: ACZB-008-022 | AC55: 1/6 pk | AD55: R134A | AE55: 8 | AF55: 30-Aug-22 | AH55: 30 Apr 26 : 20,5 Derajat Celcius. 25 Jun 26 : Suhu AC 15,5 Derajat Celcius, Suhu Perangkat : 28,8 Derajat Celcius. | AI55: 25 Jun 26 : 4 A
A56: POP_1BLT10001 | B56: BLITAR ULP ODC 3 CABIN PLN | C56: POP-D | D56: ODC | E56: ICON+ | G56: NORMAL | H56: NORMAL | I56: NORMAL | J56: =IF(G56="NORMAL",50,0)+IF(H56="NORMAL",20,0)+IF(I56="NORMAL",30,0) -> 100 | K56: 46198 | L56: 46048 | M56: 46142 | N56: 46198 | P56: 30 April 2026 : Penutup Indoor AC Jatuh | Q56: Done | R56: KEDIRI | S56: 23-Oct-26 | T56: 25 | W56: YA | Y56: 1 | AA56: DAIKIN | AB56: FTNE25MV14 | AC56: 1PK | AD56: R32 | AE56: 2015 | AF56: ######## | AH56: 30 Apri 26 : 15,4 Derajat Celcius. 25 Jun 26 : Suhu AC 18,8 Derajat Celcius. Suhu Perangkat 27,8 Derajat Celcius. | AI56: 25 Jun 26 : 2,7 A
A57: POP_1GSK10065 | B57: CERME GI ODC PLN | C57: POP-D | D57: ODC | E57: ICON+ | G57: NORMAL | H57: NORMAL | I57: NORMAL | J57: =IF(G57="NORMAL",50,0)+IF(H57="NORMAL",20,0)+IF(I57="NORMAL",30,0) -> 100 | K57: 06-May-26 | L57: 06-May-26 | R57: GRESIK | S57: 46268 | T57: 75 | Y57: 1 | AA57: DBS | AB57: ACZB-008-022 | AC57: 1/6 pk | AD57: R134A | AE57: 2022 | AF57: 2022
A58: POP_1BDW10000 | B58: POP_1BDW10000_BONDOWOSO GI ODC PLN | C58: POP-D | D58: ODC | E58: ICON+ | G58: NORMAL | H58: NORMAL | I58: NORMAL | J58: =IF(G58="NORMAL",50,0)+IF(H58="NORMAL",20,0)+IF(I58="NORMAL",30,0) -> 100 | K58: 20-May-26 | L58: 46070 | M58: 20-May-26 | R58: SITUBONDO | S58: 46282 | T58: 61 | W58: YA | X58: 2022 | Y58: 1 | AA58: DBS | AB58: ACZB-008-022 | AC58: 1/6 PK | AD58: R134A | AE58: 2022 | AF58: 2022 | AH58: 17,8 Derajat Celcius
A59: POP_1BDW001 | B59: BONDOWOSO ULP PLN ODC | C59: POP-D | D59: ODC | E59: ICON+ | G59: NORMAL | H59: NORMAL | I59: NORMAL | J59: =IF(G59="NORMAL",50,0)+IF(H59="NORMAL",20,0)+IF(I59="NORMAL",30,0) -> 100 | K59: 20-May-26 | L59: 46070 | M59: 20-May-26 | R59: SITUBONDO | S59: 46282 | T59: 61 | Y59: 1 | AA59: DBS | AB59: ACZB-008-022 | AC59: 1/6 PK | AD59: R134A | AE59: 2022 | AF59: 2022 | AH59: 21,0 Derajat Celcius
A60: POP_1LMG001 | B60: BRONDONG ULP PLN | C60: POP-D | D60: Building | E60: ICON+ | G60: NORMAL | H60: NORMAL | I60: NORMAL | J60: =IF(G60="NORMAL",50,0)+IF(H60="NORMAL",20,0)+IF(I60="NORMAL",30,0) -> 100 | K60: 46141 | L60: 46077 | M60: 46141 | P60: 17jun 2025 : kompresor overload | Q60: done | R60: GRESIK | S60: 27-Aug-26 | T60: 82 | W60: YA | Y60: 1 | AA60: HUA RUI | AB60: ACHR-004-012 | AC60: 1/6 PK | AD60: R134A | AE60: 2012 | AF60: 2012
P61: 9 jul 2025 : ganti ac window
A62: POP_1JBG001 | B62: MOJOAGUNG GI SHELTER PLN | C62: POP-B | D62: Shelter | E62: ICON+ | G62: NORMAL | H62: NORMAL | I62: NORMAL | J62: =IF(G62="NORMAL",50,0)+IF(H62="NORMAL",20,0)+IF(I62="NORMAL",30,0) -> 100 | K62: 46202 | L62: 20-May-26 | M62: 46202 | P62: 26 may 2025 : tambah freoin AC2 | Q62: done | R62: MOJOKERTO | S62: 27-Oct-26 | T62: 21 | V62: 2PK | W62: ya | Y62: 2 | AA62: Daikin | AB62: FTC35-NV14 | AC62: 1.5 PK | AD62: R32 | AE62: 2025 | AF62: 45746 | AH62: 29 Jun 2026 : 7,2 Derajat Celcius | AJ62: Daikin | AK62: FTC35-NV14 | AL62: 1.5 PK | AM62: R32 | AN62: 2025 | AO62: 45746 | AQ62: 29 Juni 2025 : 10,1 Derajat Celcius | AS62: Daikin | AT62: FTC50-NV14 | AU62: 2 PK | AV62: R32 | AW62: 2025 | AX62: 45746 | AZ62: 29 Juni 2026 : 11,8 Derajat Celcius
P63: sering rusak sudah berumur 10th
P64: 15 sep 2025 : ac2 freeze kurang freon. 20 Mei 2026 : Terdapat Bunga Es di AC Unit 2 Indoor .
A65: POP_1TLG10005 | B65: CAMPUR DARAT ULP ODC PLN | C65: POP-D | D65: ODC | E65: ICON+ | G65: NORMAL | H65: NORMAL | I65: NORMAL | J65: =IF(G65="NORMAL",50,0)+IF(H65="NORMAL",20,0)+IF(I65="NORMAL",30,0) -> 100 | K65: 46197 | L65: 46048 | M65: 46141 | N65: 46197 | R65: TRENGGALEK | S65: 22-Oct-26 | T65: 26 | Y65: 1 | AA65: SANDA | AB65: SDCA-010 ED | AC65: 1/6 PK | AD65: R134A | AE65: 2020 | AF65: 30-Feb-2020 | AH65: 29 Apr 26 : 20,4 Derajat Celcius. 24 Jun 26 : Suhu AC 17,6 Derajat Celcius. Suhu Perangkat 26,6 Derajat Celcius. | AI65: 24 Jun 26 : 5,4 A
A66: POP_1JBG002 | B66: NGORO ULP PLN | C66: POP-D | D66: ODC | E66: ICON+ | G66: NORMAL | H66: NORMAL | I66: NORMAL | J66: =IF(G66="NORMAL",50,0)+IF(H66="NORMAL",20,0)+IF(I66="NORMAL",30,0) -> 100 | K66: 0-Jan-1900 | R66: MOJOKERTO | S66: 46223 | T66: 46223 | U66: SEGERA SERVIS | X66: 2023 | Y66: 1 | AA66: Daikin | AC66: 1pk | AF66: 44927
A67: POP_1KDR006 | B67: PARE ULP MINI ODC PLN | C67: POP-D | D67: Mini ODC | E67: ICON+ | F67: 24 Juni 26 : Sudah tidak ada perangkat | G67: NORMAL | H67: NORMAL | I67: NORMAL | J67: =IF(G67="NORMAL",50,0)+IF(H67="NORMAL",20,0)+IF(I67="NORMAL",30,0) -> 100 | K67: 46197 | L67: 46044 | M67: 46197 | R67: KEDIRI | S67: 22-Oct-26 | AA67: PANASONIC | AB67: CS PN 12 WKJ | AC67: 1.5 PK | AD67: R32 | AE67: 2018 | AF67: 15-Oct-25
A68: POP_1KPN011 | B68: BLIMBING ULP MINI ODC PLN | C68: POP-D | D68: Mini ODC | E68: ICON+ | F68: Hanya Ada FAN saja, tidak ada Pendingin | G68: NORMAL | H68: NORMAL | I68: NORMAL | J68: =IF(G68="NORMAL",50,0)+IF(H68="NORMAL",20,0)+IF(I68="NORMAL",30,0) -> 100 | K68: 46174 | L68: 46174 | R68: MALANG | AA68: HUA RUI HRUC A 008 | AC68: 800Watt, R134g 450g
A69: POP_1KRS10004 | B69: DESA WONOREJO PROBOLINGGO ODC | C69: POP-D | D69: ODC | E69: ICON+ | G69: NORMAL | H69: NORMAL | I69: NORMAL | J69: =IF(G69="NORMAL",50,0)+IF(H69="NORMAL",20,0)+IF(I69="NORMAL",30,0) -> 100 | K69: 19-May-26 | L69: 46070 | M69: 19-May-26 | R69: PROBOLINGGO | S69: 46281 | T69: 62 | Y69: 1 | AA69: DBS | AB69: ACZB-008-022 | AC69: 1/6PK | AD69: R134A | AE69: 2022 | AF69: 2022 | AH69: 15,5 Derajat Celcius
A70: POP_1LMG10018 | B70: PACIRAN GI ODC PLN | C70: POP-D | D70: ODC | E70: ICON+ | G70: NORMAL | H70: NORMAL | I70: NORMAL | J70: =IF(G70="NORMAL",50,0)+IF(H70="NORMAL",20,0)+IF(I70="NORMAL",30,0) -> 100 | K70: 0-Jan-1900 | R70: GRESIK | S70: 46223 | T70: 46223 | U70: SEGERA SERVIS | Y70: 1 | AA70: DBS | AB70: ACZB-008-022 | AC70: 1/6 PK | AD70: R134A | AE70: 2022 | AF70: 2022
A71: POP_1MAD001 | B71: MADIUN UP3 RUANGAN PLN | C71: POP-D | D71: Building | E71: ICON+ | G71: NORMAL | H71: NORMAL | I71: NORMAL | J71: =IF(G71="NORMAL",50,0)+IF(H71="NORMAL",20,0)+IF(I71="NORMAL",30,0) -> 100 | K71: 46049 | L71: 46049 | P71: outdoor bocor freon | Q71: done | R71: MADIUN | S71: 46223 | T71: 174 | U71: SEGERA SERVIS | X71: 2024 | Y71: 1 | AA71: Daikin | AB71: AC-0035-025 | AC71: 1,5pk | AD71: R32 | AE71: 2024 | AF71: 45292 | AH71: 30 Juni 26 : Suhu AC 11,7 Derajat Celcius.
P72: 29 mei 2025 : ganti AC daikin 1,5pk
A73: POP_1MAD004 | B73: MANISREJO GI SHELTER PLN | C73: POP-B | D73: Shelter | E73: ICON+ | G73: NORMAL | H73: NORMAL | I73: NORMAL | J73: =IF(G73="NORMAL",50,0)+IF(H73="NORMAL",20,0)+IF(I73="NORMAL",30,0) -> 100 | K73: 46049 | L73: 46049 | P73: 2025 : AC 2 : outdoor rusak (done ganti 1,5pk) | Q73: done | R73: MADIUN | S73: 46223 | T73: 174 | U73: SEGERA SERVIS | W73: YA | Y73: 3 | AA73: Daikin | AB73: AC-0035-021 | AC73: 1.5 PK | AD73: R32 | AE73: 2021 | AF73: 2021 | AJ73: Daikin | AK73: thailand | AL73: 1.5 PK | AM73: R32 | AN73: 2025 | AO73: 45841 | AS73: Daikin | AT73: AC-0035-021 | AU73: 1.5 PK | AV73: R32 | AW73: 2021 | AX73: 2021
A74: POP_1BYW002 | B74: GENTENG ULP PLN | C74: POP-D | D74: Building | E74: ICON+ | G74: NORMAL | H74: NORMAL | I74: NORMAL | J74: =IF(G74="NORMAL",50,0)+IF(H74="NORMAL",20,0)+IF(I74="NORMAL",30,0) -> 100 | K74: 20-May-26 | L74: 46071 | M74: 20-May-26 | R74: BANYUWANGI | S74: 46282 | T74: 61 | X74: 2020 | Y74: 1 | AA74: DAIKIN | AB74: AC-0035-020 / FTC35-NV14 | AC74: 1,5 PK | AD74: R32 | AE74: 2020 | AF74: 2020 | AH74: 16,6 Derajat Celcius
A75: POP_1KPN005 | B75: GONDANG LEGI ULP ODC PLN | C75: POP-D | D75: ODC | E75: ICON+ | G75: NORMAL | H75: NORMAL | I75: NORMAL | J75: =IF(G75="NORMAL",50,0)+IF(H75="NORMAL",20,0)+IF(I75="NORMAL",30,0) -> 100 | K75: 46202 | L75: 46046 | M75: 06-May-26 | N75: 46202 | P75: 17jun 2025 : perbaikan pipa bocor | Q75: done | R75: MALANG | S75: 27-Oct-26 | T75: 21 | W75: YA | Y75: 1 | AA75: SANDA | AB75: SDCA-010 ED | AC75: 1/6 PK | AD75: R134A | AE75: 2022 | AF75: 44620 | AH75: 6 Mei 26 : 15,6 derajat celcius. 29 Jun 26 : Suhu AC 13,6 Derajat Celcius. Suhu Perangkat 30,4 Derajat Celcius. | AI75: 29 Jun 26 : 3,8 A
P76: 30jul 2025 : perbaikan pipa kompresor
A77: POP_1PSR018 | B77: GRATI SHELTER GITET PLN | C77: POP-D | D77: Shelter | E77: ICON+ | G77: NORMAL | H77: NORMAL | I77: NORMAL | J77: =IF(G77="NORMAL",50,0)+IF(H77="NORMAL",20,0)+IF(I77="NORMAL",30,0) -> 100 | K77: 19-May-26 | L77: 46072 | M77: 19-May-26 | R77: PROBOLINGGO | S77: 46281 | T77: 62 | Y77: 2 | AA77: DAIKIN | AB77: AC-0035-15 || FTC35-NV14 | AC77: 1,5 PK | AD77: R32 | AE77: 2015 | AF77: 2015 | AH77: 15,4 Derajat Celcius | AJ77: Daikin | AK77: AC-0035-15 || FTC35-NV10 | AL77: 1,5 PK | AM77: R32 | AN77: 2015 | AO77: 2015 | AQ77: 19,3 Derajat Celcius
A78: POP_1PSR10012 | B78: GRATI ULP ODC PLN | C78: POP-D | D78: ODC | E78: ICON+ | G78: NORMAL | H78: NORMAL | I78: NORMAL | J78: =IF(G78="NORMAL",50,0)+IF(H78="NORMAL",20,0)+IF(I78="NORMAL",30,0) -> 100 | K78: 18-May-26 | L78: 46072 | M78: 18-May-26 | R78: PROBOLINGGO | S78: 46280 | T78: 63 | Y78: 1 | AA78: DBS | AB78: ACZB-008-022 | AC78: 1/6PK | AD78: R134A | AE78: 2022 | AF78: 44620 | AH78: 20,0 Derajat Celcius
A79: POP_1MAD10000 | B79: GUDANG MADIUN PLTD ODC PLN | C79: POP-D | D79: ODC | E79: ICON+ | G79: NORMAL | H79: NORMAL | I79: NORMAL | J79: =IF(G79="NORMAL",50,0)+IF(H79="NORMAL",20,0)+IF(I79="NORMAL",30,0) -> 100 | K79: 0-Jan-1900 | R79: MADIUN | S79: 46223 | T79: 46223 | U79: SEGERA SERVIS | Y79: 1 | AA79: DBS | AB79: ACZB-008-022 | AC79: 1/6PK | AD79: R134a | AE79: 2022 | AF79: 2022
A80: POP_1MAD10001 | B80: MADIUN UP3 SHELTER PLN | C80: POP-D | D80: Shelter | E80: ICON+ | G80: NORMAL | H80: NORMAL | I80: NORMAL | J80: =IF(G80="NORMAL",50,0)+IF(H80="NORMAL",20,0)+IF(I80="NORMAL",30,0) -> 100 | K80: 46203 | L80: 46049 | M80: 46203 | P80: 2025 : unit nomor 2 bocor instalasi | Q80: on progress | R80: MADIUN | S80: 28-Oct-26 | T80: 20 | V80: 1,5 pk | W80: YA | Y80: 3 | AA80: Daikin | AB80: AC-0035-020 | AC80: 1,5pk | AD80: R32 | AE80: 2020 | AF80: 2020 | AH80: 30 Juni 2026 : Suhu AC 12,6 Derajat Celcius | AJ80: Daikin | AK80: AC-0035-020 | AL80: 1,5pk | AM80: R32 | AN80: 2020 | AO80: 2020 | AQ80: 30 Juni 2026 : Suhu AC 13,0 Derajat Celcius | AS80: Daikin | AT80: AC-0035-020 | AU80: 1,5pk | AV80: R32 | AW80: 2020 | AX80: 2020 | AZ80: 30 Juni 2026 : Suhu AC 20,3 Derajat Celcius
A81: POP_1MGT005 | B81: MAGETAN ULP MINI ODC PLN | C81: POP-D | D81: Mini ODC | E81: ICON+ | G81: NORMAL | H81: NORMAL | I81: NORMAL | J81: =IF(G81="NORMAL",50,0)+IF(H81="NORMAL",20,0)+IF(I81="NORMAL",30,0) -> 100 | K81: 46050 | L81: 46050 | R81: MADIUN | S81: 46223 | T81: 173 | U81: SEGERA SERVIS | Y81: 1 | AA81: DBS | AB81: ACZB-008-022 | AC81: 1/6PK | AD81: R410 | AE81: 2022 | AF81: 2022
A82: POP_1BYW010 | B82: JAJAG ULP PLN | C82: POP-D | D82: Building | E82: ICON+ | F82: jd 1 dg ruangan PLN, perlu sekat jika ingin efektif | G82: NORMAL | H82: NORMAL | I82: NORMAL | J82: =IF(G82="NORMAL",50,0)+IF(H82="NORMAL",20,0)+IF(I82="NORMAL",30,0) -> 100 | K82: 20-May-26 | L82: 46071 | M82: 20-May-26 | P82: 2025 : pindah AC ke pop sementara | Q82: done | R82: BANYUWANGI | S82: 46282 | T82: 61 | X82: 2018 | Y82: 1 | AA82: Daikin || HUA RUI | AB82: FTC35-NV14 || HRUC A 008/N/E/A | AC82: 1,5 PK || 1 PK | AD82: R32 || R134A | AE82: 2018 | AH82: 16,6 Derajat Celcius
A83: POP_1MGT10014 | B83: GORANG GARENG MAGETAN KANTOR JAGA ODC PLN | C83: POP-A | D83: ODC | E83: ICON+ | G83: NORMAL | H83: NORMAL | I83: NORMAL | J83: =IF(G83="NORMAL",50,0)+IF(H83="NORMAL",20,0)+IF(I83="NORMAL",30,0) -> 100 | K83: 46050 | L83: 46050 | R83: MADIUN | S83: 46223 | T83: 173 | U83: SEGERA SERVIS | Y83: 1 | AA83: DBS | AB83: ACZB-008-022 | AC83: 1/6PK | AD83: R410 | AE83: 2022 | AF83: 2022
A84: POP_1JMR003 | B84: JEMBER UP3 Ruangan PLN | C84: POP-D | D84: Building | E84: ICON+ | G84: NORMAL | H84: NORMAL | I84: NORMAL | J84: =IF(G84="NORMAL",50,0)+IF(H84="NORMAL",20,0)+IF(I84="NORMAL",30,0) -> 100 | K84: 21-May-26 | L84: 46071 | M84: 21-May-26 | R84: JEMBER | S84: 46283 | T84: 60 | W84: YA | X84: 2023 | Y84: 1 | AA84: DAIKIN | AB84: AC-0035-020 / FTC35-NV14 | AC84: 1,5 PK | AD84: R32 | AE84: 2023 | AF84: 2023 | AH84: 15,1 Derajat Celcius
A85: POP_1JBG003 | B85: JOMBANG ULP ODC PLN | C85: POP-D | D85: ODC | E85: ICON+ | G85: NORMAL | H85: NORMAL | I85: NORMAL | J85: =IF(G85="NORMAL",50,0)+IF(H85="NORMAL",20,0)+IF(I85="NORMAL",30,0) -> 100 | K85: 46196 | L85: 46044 | M85: 46140 | N85: 46196 | P85: 22 Jan 2026 : Pintu dan Engsel Rusak | Q85: 22 Jan 2026 : Sudah diperbaiki | R85: MOJOKERTO | S85: 21-Oct-26 | T85: 27 | W85: ya | Y85: 1 | AA85: HOPEP | AB85: HPD0800 | AC85: 1/6PK | AD85: R134A | AE85: 2022 || 2018 | AF85: 2022 || 30/06/2019 | AH85: 28 Apri 26 : 19,7 Derajat Celcius | 23 Juni 2026 : Suhu AC 15,5 Derajat Celcius, Suhu Perangkat : 29 ,9 Derajat Celcius | AI85: 23 Juni 26 : 4,4 Ampere
A86: POP_1MGT10015 | B86: MAOSPATI ULP ODC PLN | C86: POP-D | D86: ODC | E86: ICON+ | G86: NORMAL | H86: NORMAL | I86: NORMAL | J86: =IF(G86="NORMAL",50,0)+IF(H86="NORMAL",20,0)+IF(I86="NORMAL",30,0) -> 100 | K86: 46203 | L86: 46049 | M86: 46203 | R86: MADIUN | S86: 28-Oct-26 | T86: 20 | W86: YA | Y86: 2 | AA86: SANDA | AB86: SOCA-010 ED | AC86: 1/6PK | AD86: R134A | AE86: 2020 | AF86: 30-Aug-0202 | AH86: 30-Jun-2026: 7,4 derajat celcius. Suhu Ruang ODC 22,2 Derajat Celcius (EA ). | AJ86: Daikin | AK86: FTC05NV14 | AL86: 0,5 PK | AM86: R32 | AN86: 2024 | AO86: 45569 | AQ86: 30-Jun-2026 : Suhu AC 10,7 Derajat Celcius. Suhu Ruang ODC 22,2 Derajat Celcius (EA).
A87: POP_1JMR10034 | B87: KALISAT ULP ODC PLN | C87: POP-D | D87: ODC | E87: ICON+ | G87: NORMAL | H87: NORMAL | I87: NORMAL | J87: =IF(G87="NORMAL",50,0)+IF(H87="NORMAL",20,0)+IF(I87="NORMAL",30,0) -> 100 | K87: 21-May-26 | L87: 46071 | M87: 21-May-26 | R87: JEMBER | S87: 46283 | T87: 60 | Y87: 1 | AA87: DBS | AB87: ACZB-008-022 | AC87: 1/6 PK | AD87: R134A | AE87: 2022 | AF87: 2022 | AH87: 14,4 Derajat Celcius
A88: POP_1MLG012 | B88: KANTOR ICON+ MALANG | C88: POP-D | D88: Building | E88: ICON+ | G88: NORMAL | H88: NORMAL | I88: NORMAL | J88: =IF(G88="NORMAL",50,0)+IF(H88="NORMAL",20,0)+IF(I88="NORMAL",30,0) -> 100 | K88: 46203 | L88: 46074 | M88: 06-May-26 | N88: 46203 | P88: 13feb 2025 : done replace AC | Q88: done | R88: MALANG | S88: 28-Oct-26 | T88: 20 | X88: 2024 | Y88: 2 | AA88: Daikin | AB88: FTC35-NV14 | AC88: 1,5 PK | AD88: R32 | AE88: 2025 | AF88: 45746 | AH88: 6 Mei 2026 : 15,6 derajat celcius. 30 Juni 2026 : Suhu AC 19 Derajat Celcius, Suhu Perangkat 23,0 Derajat Celcius | AI88: 30 Juni 2026 : 3,3 A | AJ88: Panasonic | AK88: CS-YN12AKJ | AL88: 1,5 PK | AM88: R32 | AN88: 20-May-20
A89: POP_1KPN10026 | B89: KANTOR KECAMATAN BANTUR MALANG ODC | C89: POP-D | D89: ODC | E89: ICON+ | G89: NORMAL | H89: NORMAL | I89: NORMAL | J89: =IF(G89="NORMAL",50,0)+IF(H89="NORMAL",20,0)+IF(I89="NORMAL",30,0) -> 100 | K89: 46202 | L89: 46046 | M89: 05-May-26 | N89: 46202 | P89: 24 Jan 2026 : AC Rusak | Q89: 24 Jan 2026 : AC Reiwa 1/2 PK New dan Kanopi | R89: MALANG | S89: 27-Oct-26 | T89: 21 | X89: 2026 | Y89: 1 | AA89: REIWA | AB89: CW-0501RA | AC89: 1/2 PK | AD89: R32 | AE89: 2026 | AF89: 46046 | AH89: 5 Mei 26 : 13,0 Derajat Celcius. 29 Jun 26 : Suhu AC 12,2 Derajat Celcius. Suhu Perangkat 23,4 Derajat Celcius. | AI89: 29 Jun 26 : 1,2 A
A90: POP_1MJK001 | B90: KRIAN GITET SHELTER PLN | C90: POP-B | D90: Shelter | E90: ICON+ | G90: NORMAL | H90: NORMAL | I90: NORMAL | J90: =IF(G90="NORMAL",50,0)+IF(H90="NORMAL",20,0)+IF(I90="NORMAL",30,0) -> 100 | K90: 07-May-26 | L90: 07-May-26 | P90: 16jun 2025 : ac inverter rusak | Q90: done | R90: GRESIK | S90: 46269 | T90: 74 | W90: YA | Y90: 2 | AA90: DAIKIN | AB90: AC-0035-016 | AC90: 1.5 PK | AD90: R22 | AE90: 2016 | AF90: 2016 | AJ90: Daikin | AK90: AC-0035-024 | AL90: 1.5 PK | AM90: R32 | AN90: 2025 | AO90: 45829
P91: 21jun 2025 : replace AC inverter ke 1,5pk
A92: POP_1MLG014 | B92: KEBON AGUNG ULP ODC PLN | C92: POP-D | D92: ODC | E92: ICON+ | G92: NORMAL | H92: NORMAL | I92: NORMAL | J92: =IF(G92="NORMAL",50,0)+IF(H92="NORMAL",20,0)+IF(I92="NORMAL",30,0) -> 100 | K92: 46202 | L92: 46074 | M92: 05-May-26 | N92: 46202 | R92: MALANG | S92: 27-Oct-26 | T92: 21 | Y92: 1 | AA92: HOPEP | AB92: HPD-800-022 | AC92: 1/6 PK | AD92: R134A | AE92: 2022 | AF92: 30-Feb-2022 | AH92: 5 Mei 26 : 20 Derajat Celcius. 29 Jun 26 : Suhu AC 18,9 Derajat Celcius. Suhu Perangkat 27,2 Derajat Celcius. | AI92: 29 Jun 26 : 4,1 A
A93: POP_1MJK003 | B93: MOJOKERTO UP3 SHELTER PLN | C93: POP-D | D93: Shelter | E93: ICON+ | G93: NORMAL | H93: NORMAL | I93: NORMAL | J93: =IF(G93="NORMAL",50,0)+IF(H93="NORMAL",20,0)+IF(I93="NORMAL",30,0) -> 100 | K93: 0-Jan-1900 | R93: MOJOKERTO | S93: 46223 | T93: 46223 | U93: SEGERA SERVIS | W93: ya | Y93: 2 | AA93: Daikin | AB93: AC-0035-016 | AC93: 1,5 PK | AD93: R22 | AE93: 2016 | AF93: 2016 | AJ93: Daikin | AK93: AC-0035-024 | AL93: 1,5 PK | AM93: R32 | AN93: 2024 | AO93: 2024
A94: POP_1MJK10066 | B94: SEKARPUTIH GI ODC PLN | C94: POP-D | D94: ODC | E94: ICON+ | G94: NORMAL | H94: NORMAL | I94: NORMAL | J94: =IF(G94="NORMAL",50,0)+IF(H94="NORMAL",20,0)+IF(I94="NORMAL",30,0) -> 100 | K94: 46202 | L94: 46202 | P94: 29 Juni 2026 : AC ODC Rusak dibawa Pak Novie | Q94: on progress | R94: MOJOKERTO | S94: 27-Oct-26 | T94: 21 | Y94: 1 | AA94: DBS | AB94: ACZB-008-022 | AC94: 1/6 pk | AD94: R134A | AE94: 2022 | AF94: 30-Aug-22
A95: POP_1MJK10067 | B95: NGORO GI ODC PLN | C95: POP-D | D95: ODC | E95: ICON+ | G95: NORMAL | H95: NORMAL | I95: NORMAL | J95: =IF(G95="NORMAL",50,0)+IF(H95="NORMAL",20,0)+IF(I95="NORMAL",30,0) -> 100 | K95: 20-May-26 | L95: 20-May-26 | R95: MOJOKERTO | S95: 46282 | T95: 61 | Y95: 1 | AA95: DBS | AB95: ACZB-008-022 | AC95: 1/6 PK | AD95: R134A | AE95: 2022 | AF95: 2022
A96: POP_1KDR004 | B96: KEDIRI UP3 PLN | C96: POP-D | D96: Building | E96: ICON+ | G96: NORMAL | H96: NORMAL | I96: NORMAL | J96: =IF(G96="NORMAL",50,0)+IF(H96="NORMAL",20,0)+IF(I96="NORMAL",30,0) -> 100 | K96: 46196 | L96: 46044 | M96: 46140 | N96: 46196 | P96: 19 oct 2025 : done ganti dinamo motor | Q96: done | R96: KEDIRI | S96: 21-Oct-26 | T96: 27 | W96: YA | X96: 2024 | Y96: 1 | AA96: DAIKIN | AB96: FTC50-XV14 | AC96: 2 PK | AD96: R32 | AE96: 2024 | AF96: 30-Aug-24 | AH96: 28 Apr 26 : 12,8 Derajat Celcius. 23 Jun 26 : Suhu AC 12,2 Derajat Celcius | Suhu Perangkat : 23,2 Derajat Celcius. | AI96: 23 Juni 2026 : 7 Ampere
P97: 22 nov 2025 : ganti AC 2 PK daikin
A98: POP_1KPN003 | B98: KEPANJEN ULP ODC-01 PLN | C98: POP-D | D98: ODC | E98: ICON+ | G98: NORMAL | H98: NORMAL | I98: NORMAL | J98: =IF(G98="NORMAL",50,0)+IF(H98="NORMAL",20,0)+IF(I98="NORMAL",30,0) -> 100 | K98: 46202 | L98: 46046 | M98: 05-May-26 | N98: 46202 | R98: MALANG | S98: 27-Oct-26 | T98: 21 | Y98: 1 | AA98: HUA RUI | AB98: HRUC A 008/N | AC98: 1/6 PK | AD98: R134A | AE98: 2025 | AF98: 44620 | AH98: 5 Mei 26 : 16,9 Derajat Celcius. 29 Jun 26 : Suhu AC 16,5 Derajat Celcius. Suhu Perangkat 23,5 Derajat Celcius. | AI98: 29 Jun 26 : 4,4 A
A99: POP_1KPN20001 | B99: KEPANJEN ULP ODC-02 (GUDANG) PLN | C99: POP-D | D99: ODC | E99: ICON+ | G99: NORMAL | H99: NORMAL | I99: NORMAL | J99: =IF(G99="NORMAL",50,0)+IF(H99="NORMAL",20,0)+IF(I99="NORMAL",30,0) -> 100 | K99: 46202 | L99: 46046 | M99: 05-May-26 | N99: 46202 | P99: 17jun 2025 : bocor pipa kompresor (done perbaikan) | Q99: done | R99: MALANG | S99: 27-Oct-26 | T99: 21 | W99: YA | Y99: 1 | AA99: SAN DA | AB99: SDCA-010 ED | AC99: 1/6 PK | AD99: R134A | AE99: 2025 | AF99: 44620 | AH99: 5 Mei 26 : 20,7 Derajat Celcius. 29 Jun 26 : Suhu AC 18 Derajat Celcius. Suhu Perangkat 23,4 Derajat Celcius. | AI99: 29 Jun 26 : 3,4 A
P100: 31 jul 2025 : overhaul
...

Sheet PM POWERSUPPLY RJBT1
A1: No | B1: ID POP | C1: Lokasi | D1: AREA | E1: Kategori | F1: Model | G1: Rectifier Brand 1 | H1: Tipe Modul Recti 1 | I1: Modul Recti 1(unit) | J1: Kap. Tiap Modul Recti 1(A DC) | K1: Kap. Total Modul Recti 1 (A) | L1: Status Modul Recti 1 | M1: Beban Recti (A) | N1: Merk Batt | O1: tipe batt | P1: Jenis Batt | Q1: Jml Batt | R1: Kap. Batt (AH) | S1: Kemampuan (jam) | T1: Status Kemampuan | U1: Insert Date | V1: Status Umur Batt | W1: Butuh Recti | X1: Butuh +Batt (AH) | Y1: prioritas batt | Z1: Butuh Dummy (2025) | AA1: Last Dummy | AB1: Tanggal Dummy 2025 | AC1: DONE DUMMY | AD1: STATUS | AE1: Jumlah Batt (Bank) | AF1: Kap. Batt After Dummy (AH) | AG1: Kap. Bank 1 (AH) | AH1: Hasil Dummy Bank 1 | AI1: Kap. Bank 2 (AH) | AJ1: Hasil Dummy Bank 2 | AK1: Kap. Bank 3 (AH) | AL1: Hasil Dummy Bank 3 | AM1: Kap. Bank 4 (AH) | AN1: Hasil Dummy Bank 4 | AO1: Kap. Bank 5 (AH) | AP1: Hasil Dummy Bank 5 | AQ1: Kap. Bank 6 (AH) | AR1: Hasil Dummy Bank 6 | AS1: Kap. Bank 7 (AH) | AT1: Hasil Dummy Bank 7 | AU1: Kap. Bank 8 (AH) | AV1: Hasil Dummy Bank 8 | AW1: Kap. Bank 9 (AH) | AX1: Hasil Dummy Bank 9 | AY1: TEGANGAN PLN | AZ1: TEGANGAN BATTERY | BA1: KONDISI FISIK BATTERY/RECTI | BB1: EXTERNAL ALARM | BC1: HEALTH INDEX POWER SUPPLY
A2: 1 | B2: POP_1SBY003 | C2: INTILAND LT.5 | D2: SURABAYA | E2: POP-SB | F2: Building | H2: R48-2000e3 | I2: 5 | J2: 40 | K2: 200 | L2: Lebih dari N+1 | M2: 53.9 | N2: Sinelith | O2: Sinelith LFP48S-100 | Q2: 4x100Ah | R2: 500 | S2: =AF2/M2 -> 9.2764378 | T2: =IF(S2<8,"KURANG 8JAM","DIATAS 8JAM") -> DIATAS 8JAM | U2: 44619 | V2: =IF(DATEDIF(U2,TODAY(),"Y")>7,"DIATAS 7 TAHUN", IF(DATEDIF(U2,TODAY(),"Y")>6,"DIATAS 6 TAHUN", IF(DATEDIF(U2,TODAY(),"Y")>5,"DIATAS 5 TAHUN", IF(DATEDIF(U2,TODAY(),"Y")>4,"DIATAS 4 TAHUN", IF(DATEDIF(U2,TODAY(),"Y")>3,"DIATAS 3 TAHUN", IF(DATEDIF(U2,TODAY(),"Y")>2,"DIATAS 2 TAHUN", IF(DATEDIF(U2,TODAY(),"Y")>1,"DIATAS 1 TAHUN", "<= 1 TAHUN"))))))) -> DIATAS 3 TAHUN | X2: 100 | Y2: kurang 8jam | Z2: yes | AC2: FALSE | AD2: =IF(TODAY() - AB2 > 365, "Waktunya Dummy", "Belum Waktunya") -> Waktunya Dummy | AE2: =LEFT(Q2) -> 4 | AF2: =AG2*AH2+AI2*AJ2+AK2*AL2+AM2*AN2+AO2*AP2+AQ2*AR2+AS2*AT2+AU2*AV2+AW2*AX2 -> 500 | AG2: 100 | AH2: 1 | AI2: 100 | AJ2: 1 | AK2: 100 | AL2: 1 | AM2: 100 | AN2: 1 | AO2: 100 | AP2: 1 | AQ2: 0 | AR2: 0 | AS2: 0 | AT2: 0 | AU2: 0 | AV2: 0 | AW2: 0 | AX2: 0 | AY2: NORMAL | AZ2: NORMAL | BA2: NORMAL | BB2: NORMAL | BC2: =(IF(AY2="NORMAL",35,0)+IF(AZ2="NORMAL",25,0)+IF(BA2="NORMAL",25,0)+IF(BB2="NORMAL",15,0)) -> 100
A3: 2 | B3: POP_1SDA002 | C3: WARU GI SHELTER-1 PLN (rect2) | D3: SIDOARJO | E3: POP-SB | F3: Shelter | H3: R48-2000e3 | I3: 9 | J3: 60 | K3: 540 | L3: Lebih dari N+1 | M3: 96 | N3: Narada | O3: 48NPFC100 | Q3: 9x100AH | R3: 900 | S3: =AF3/M3 -> 9.375 | T3: =IF(S3<8,"KURANG 8JAM","DIATAS 8JAM") -> DIATAS 8JAM | U3: 44879 | V3: =IF(DATEDIF(U3,TODAY(),"Y")>7,"DIATAS 7 TAHUN", IF(DATEDIF(U3,TODAY(),"Y")>6,"DIATAS 6 TAHUN", IF(DATEDIF(U3,TODAY(),"Y")>5,"DIATAS 5 TAHUN", IF(DATEDIF(U3,TODAY(),"Y")>4,"DIATAS 4 TAHUN", IF(DATEDIF(U3,TODAY(),"Y")>3,"DIATAS 3 TAHUN", IF(DATEDIF(U3,TODAY(),"Y")>2,"DIATAS 2 TAHUN", IF(DATEDIF(U3,TODAY(),"Y")>1,"DIATAS 1 TAHUN", "<= 1 TAHUN"))))))) -> DIATAS 2 TAHUN | Z3: yes | AC3: FALSE | AD3: =IF(TODAY() - AB3 > 365, "Waktunya Dummy", "Belum Waktunya") -> Waktunya Dummy | AE3: =LEFT(Q3) -> 9 | AF3: =AG3*AH3+AI3*AJ3+AK3*AL3+AM3*AN3+AO3*AP3+AQ3*AR3+AS3*AT3+AU3*AV3+AW3*AX3 -> 900 | AG3: 100 | AH3: 1 | AI3: 100 | AJ3: 1 | AK3: 100 | AL3: 1 | AM3: 100 | AN3: 1 | AO3: 100 | AP3: 1 | AQ3: 100 | AR3: 1 | AS3: 100 | AT3: 1 | AU3: 100 | AV3: 1 | AW3: 100 | AX3: 1 | AY3: NORMAL | AZ3: NORMAL | BA3: NORMAL | BB3: NORMAL | BC3: =(IF(AY3="NORMAL",35,0)+IF(AZ3="NORMAL",25,0)+IF(BA3="NORMAL",25,0)+IF(BB3="NORMAL",15,0)) -> 100
A4: 3 | B4: POP_1KDR002 | C4: BANARAN GI SHELTER PLN | D4: KEDIRI | E4: POP-B | F4: Shelter | H4: SmartPower 48/3000HE | I4: 3 | J4: 60 | K4: 180 | L4: Belum N+1 | M4: 65 | N4: Leoch | O4: Leoch Lith | Q4: 6x100AH | R4: 600 | S4: =AF4/M4 -> 9.2307692 | T4: =IF(S4<8,"KURANG 8JAM","DIATAS 8JAM") -> DIATAS 8JAM | U4: 43642 | V4: =IF(DATEDIF(U4,TODAY(),"Y")>7,"DIATAS 7 TAHUN", IF(DATEDIF(U4,TODAY(),"Y")>6,"DIATAS 6 TAHUN", IF(DATEDIF(U4,TODAY(),"Y")>5,"DIATAS 5 TAHUN", IF(DATEDIF(U4,TODAY(),"Y")>4,"DIATAS 4 TAHUN", IF(DATEDIF(U4,TODAY(),"Y")>3,"DIATAS 3 TAHUN", IF(DATEDIF(U4,TODAY(),"Y")>2,"DIATAS 2 TAHUN", IF(DATEDIF(U4,TODAY(),"Y")>1,"DIATAS 1 TAHUN", "<= 1 TAHUN"))))))) -> DIATAS 6 TAHUN | X4: 600 | Y4: umur > 3tahun | Z4: yes | AC4: FALSE | AD4: =IF(TODAY() - AB4 > 365, "Waktunya Dummy", "Belum Waktunya") -> Waktunya Dummy | AE4: =LEFT(Q4) -> 6 | AF4: =AG4*AH4+AI4*AJ4+AK4*AL4+AM4*AN4+AO4*AP4+AQ4*AR4+AS4*AT4+AU4*AV4+AW4*AX4 -> 600 | AG4: 100 | AH4: 1 | AI4: 100 | AJ4: 1 | AK4: 100 | AL4: 1 | AM4: 100 | AN4: 1 | AO4: 100 | AP4: 1 | AQ4: 100 | AR4: 1 | AS4: 0 | AT4: 0 | AU4: 0 | AV4: 0 | AW4: 0 | AX4: 0 | AY4: NORMAL | AZ4: NORMAL | BA4: NORMAL | BB4: NORMAL | BC4: =(IF(AY4="NORMAL",35,0)+IF(AZ4="NORMAL",25,0)+IF(BA4="NORMAL",25,0)+IF(BB4="NORMAL",15,0)) -> 100
A5: 4 | B5: POP_1KDR002 | C5: BANARAN GI SHELTER PLN (rect2) | D5: KEDIRI | E5: POP-B | F5: Shelter | H5: R48-2000e3 | I5: 6 | J5: 40 | K5: 240 | L5: Lebih dari N+1 | M5: 63 | N5: Leoch | O5: Leoch Lith | Q5: 6x100AH | R5: 600 | S5: =AF5/M5 -> 9.5238095 | T5: =IF(S5<8,"KURANG 8JAM","DIATAS 8JAM") -> DIATAS 8JAM | U5: 44879 | V5: =IF(DATEDIF(U5,TODAY(),"Y")>7,"DIATAS 7 TAHUN", IF(DATEDIF(U5,TODAY(),"Y")>6,"DIATAS 6 TAHUN", IF(DATEDIF(U5,TODAY(),"Y")>5,"DIATAS 5 TAHUN", IF(DATEDIF(U5,TODAY(),"Y")>4,"DIATAS 4 TAHUN", IF(DATEDIF(U5,TODAY(),"Y")>3,"DIATAS 3 TAHUN", IF(DATEDIF(U5,TODAY(),"Y")>2,"DIATAS 2 TAHUN", IF(DATEDIF(U5,TODAY(),"Y")>1,"DIATAS 1 TAHUN", "<= 1 TAHUN"))))))) -> DIATAS 2 TAHUN | Z5: yes | AC5: FALSE | AD5: =IF(TODAY() - AB5 > 365, "Waktunya Dummy", "Belum Waktunya") -> Waktunya Dummy | AE5: =LEFT(Q5) -> 6 | AF5: =AG5*AH5+AI5*AJ5+AK5*AL5+AM5*AN5+AO5*AP5+AQ5*AR5+AS5*AT5+AU5*AV5+AW5*AX5 -> 600 | AG5: 100 | AH5: 1 | AI5: 100 | AJ5: 1 | AK5: 100 | AL5: 1 | AM5: 100 | AN5: 1 | AO5: 100 | AP5: 1 | AQ5: 100 | AR5: 1 | AS5: 0 | AU5: 0 | AW5: 0 | AY5: NORMAL | AZ5: NORMAL | BA5: NORMAL | BB5: NORMAL | BC5: =(IF(AY5="NORMAL",35,0)+IF(AZ5="NORMAL",25,0)+IF(BA5="NORMAL",25,0)+IF(BB5="NORMAL",15,0)) -> 100
A6: 5 | B6: POP_1PSR002 | C6: BANGIL GI PLC PLN | D6: PROBOLINGGO | E6: POP-B | F6: Building | H6: 48V/1100W | I6: 3 | J6: 32 | K6: 96 | L6: Lebih dari N+1 | M6: 2 | N6: Narada | O6: 48NPFC100 | Q6: 1x100AH | R6: 100 | S6: =AF6/M6 -> 50 | T6: =IF(S6<8,"KURANG 8JAM","DIATAS 8JAM") -> DIATAS 8JAM | U6: 44480 | V6: =IF(DATEDIF(U6,TODAY(),"Y")>7,"DIATAS 7 TAHUN", IF(DATEDIF(U6,TODAY(),"Y")>6,"DIATAS 6 TAHUN", IF(DATEDIF(U6,TODAY(),"Y")>5,"DIATAS 5 TAHUN", IF(DATEDIF(U6,TODAY(),"Y")>4,"DIATAS 4 TAHUN", IF(DATEDIF(U6,TODAY(),"Y")>3,"DIATAS 3 TAHUN", IF(DATEDIF(U6,TODAY(),"Y")>2,"DIATAS 2 TAHUN", IF(DATEDIF(U6,TODAY(),"Y")>1,"DIATAS 1 TAHUN", "<= 1 TAHUN"))))))) -> DIATAS 4 TAHUN | Z6: yes | AC6: FALSE | AD6: =IF(TODAY() - AB6 > 365, "Waktunya Dummy", "Belum Waktunya") -> Waktunya Dummy | AE6: =LEFT(Q6) -> 1 | AF6: =AG6*AH6+AI6*AJ6+AK6*AL6+AM6*AN6+AO6*AP6+AQ6*AR6+AS6*AT6+AU6*AV6+AW6*AX6 -> 100 | AG6: 100 | AH6: 1 | AI6: 0 | AJ6: 1 | AK6: 0 | AL6: 0 | AM6: 0 | AN6: 0 | AO6: 0 | AP6: 0 | AQ6: 0 | AR6: 0 | AS6: 0 | AT6: 0 | AU6: 0 | AV6: 0 | AW6: 0 | AX6: 0 | AY6: NORMAL | AZ6: NORMAL | BA6: NORMAL | BB6: NORMAL | BC6: =(IF(AY6="NORMAL",35,0)+IF(AZ6="NORMAL",25,0)+IF(BA6="NORMAL",25,0)+IF(BB6="NORMAL",15,0)) -> 100
A7: 6 | B7: POP_1BYW005 | C7: BANYUWANGI GI SHELTER PLN | D7: BANYUWANGI | E7: POP-B | F7: Shelter | H7: SM2000 | I7: 3 | J7: 40 | K7: 120 | L7: Belum N+1 | M7: 45 | N7: Narada | O7: 48NPFC100 | Q7: 5x100AH | R7: 500 | S7: =AF7/M7 -> 11.111111 | T7: =IF(S7<8,"KURANG 8JAM","DIATAS 8JAM") -> DIATAS 8JAM | U7: 44307 | V7: =IF(DATEDIF(U7,TODAY(),"Y")>7,"DIATAS 7 TAHUN", IF(DATEDIF(U7,TODAY(),"Y")>6,"DIATAS 6 TAHUN", IF(DATEDIF(U7,TODAY(),"Y")>5,"DIATAS 5 TAHUN", IF(DATEDIF(U7,TODAY(),"Y")>4,"DIATAS 4 TAHUN", IF(DATEDIF(U7,TODAY(),"Y")>3,"DIATAS 3 TAHUN", IF(DATEDIF(U7,TODAY(),"Y")>2,"DIATAS 2 TAHUN", IF(DATEDIF(U7,TODAY(),"Y")>1,"DIATAS 1 TAHUN", "<= 1 TAHUN"))))))) -> DIATAS 4 TAHUN | W7: 9 slot | Z7: yes | AC7: FALSE | AD7: =IF(TODAY() - AB7 > 365, "Waktunya Dummy", "Belum Waktunya") -> Waktunya Dummy | AE7: =LEFT(Q7) -> 5 | AF7: =AG7*AH7+AI7*AJ7+AK7*AL7+AM7*AN7+AO7*AP7+AQ7*AR7+AS7*AT7+AU7*AV7+AW7*AX7 -> 500 | AG7: 100 | AH7: 1 | AI7: 100 | AJ7: 1 | AK7: 100 | AL7: 1 | AM7: 100 | AN7: 1 | AO7: 100 | AP7: 1 | AQ7: 0 | AR7: 0 | AS7: 0 | AT7: 0 | AU7: 0 | AV7: 0 | AW7: 0 | AX7: 0 | AY7: NORMAL | AZ7: NORMAL | BA7: NORMAL | BB7: NORMAL | BC7: =(IF(AY7="NORMAL",35,0)+IF(AZ7="NORMAL",25,0)+IF(BA7="NORMAL",25,0)+IF(BB7="NORMAL",15,0)) -> 100
A8: 7 | B8: POP_1BYW005 | C8: BANYUWANGI GI SHELTER PLN (rect2) | D8: BANYUWANGI | E8: POP-B | F8: Shelter | H8: R48-2000e3 | I8: 6 | J8: 40 | K8: 240 | L8: Lebih dari N+1 | M8: 28 | N8: Sacred Sun | O8: SSIFP15S48100A Li-ion | Q8: 4x100AH | R8: 400 | S8: =AF8/M8 -> 14.285714 | T8: =IF(S8<8,"KURANG 8JAM","DIATAS 8JAM") -> DIATAS 8JAM | U8: 44879 | V8: =IF(DATEDIF(U8,TODAY(),"Y")>7,"DIATAS 7 TAHUN", IF(DATEDIF(U8,TODAY(),"Y")>6,"DIATAS 6 TAHUN", IF(DATEDIF(U8,TODAY(),"Y")>5,"DIATAS 5 TAHUN", IF(DATEDIF(U8,TODAY(),"Y")>4,"DIATAS 4 TAHUN", IF(DATEDIF(U8,TODAY(),"Y")>3,"DIATAS 3 TAHUN", IF(DATEDIF(U8,TODAY(),"Y")>2,"DIATAS 2 TAHUN", IF(DATEDIF(U8,TODAY(),"Y")>1,"DIATAS 1 TAHUN", "<= 1 TAHUN"))))))) -> DIATAS 2 TAHUN | Z8: yes | AC8: FALSE | AD8: =IF(TODAY() - AB8 > 365, "Waktunya Dummy", "Belum Waktunya") -> Waktunya Dummy | AE8: =LEFT(Q8) -> 4 | AF8: =AG8*AH8+AI8*AJ8+AK8*AL8+AM8*AN8+AO8*AP8+AQ8*AR8+AS8*AT8+AU8*AV8+AW8*AX8 -> 400 | AG8: 100 | AH8: 1 | AI8: 100 | AJ8: 1 | AK8: 100 | AL8: 1 | AM8: 100 | AN8: 1 | AO8: 0 | AQ8: 0 | AS8: 0 | AU8: 0 | AW8: 0 | AY8: NORMAL | AZ8: NORMAL | BA8: NORMAL | BB8: NORMAL | BC8: =(IF(AY8="NORMAL",35,0)+IF(AZ8="NORMAL",25,0)+IF(BA8="NORMAL",25,0)+IF(BB8="NORMAL",15,0)) -> 100
A9: 8 | B9: POP_1BJN002 | C9: BOJONEGORO REPEATER SHELTER | D9: TUBAN | E9: POP-B | F9: Shelter | H9: Flatpack S48/1000W | I9: 3 | J9: 20 | K9: 60 | L9: Belum N+1 | M9: 2 | N9: Narada | O9: 48NPFC100 | Q9: 4x100AH | R9: 400 | S9: =AF9/M9 -> 200 | T9: =IF(S9<8,"KURANG 8JAM","DIATAS 8JAM") -> DIATAS 8JAM | U9: 44884 | V9: =IF(DATEDIF(U9,TODAY(),"Y")>7,"DIATAS 7 TAHUN", IF(DATEDIF(U9,TODAY(),"Y")>6,"DIATAS 6 TAHUN", IF(DATEDIF(U9,TODAY(),"Y")>5,"DIATAS 5 TAHUN", IF(DATEDIF(U9,TODAY(),"Y")>4,"DIATAS 4 TAHUN", IF(DATEDIF(U9,TODAY(),"Y")>3,"DIATAS 3 TAHUN", IF(DATEDIF(U9,TODAY(),"Y")>2,"DIATAS 2 TAHUN", IF(DATEDIF(U9,TODAY(),"Y")>1,"DIATAS 1 TAHUN", "<= 1 TAHUN"))))))) -> DIATAS 2 TAHUN | Z9: yes | AC9: FALSE | AD9: =IF(TODAY() - AB9 > 365, "Waktunya Dummy", "Belum Waktunya") -> Waktunya Dummy | AE9: =LEFT(Q9) -> 4 | AF9: =AG9*AH9+AI9*AJ9+AK9*AL9+AM9*AN9+AO9*AP9+AQ9*AR9+AS9*AT9+AU9*AV9+AW9*AX9 -> 400 | AG9: 100 | AH9: 1 | AI9: 100 | AJ9: 1 | AK9: 100 | AL9: 1 | AM9: 100 | AN9: 1 | AO9: 0 | AP9: 0 | AQ9: 0 | AR9: 0 | AS9: 0 | AT9: 0 | AU9: 0 | AV9: 0 | AW9: 0 | AX9: 0 | AY9: NORMAL | AZ9: NORMAL | BA9: NORMAL | BB9: NORMAL | BC9: =(IF(AY9="NORMAL",35,0)+IF(AZ9="NORMAL",25,0)+IF(BA9="NORMAL",25,0)+IF(BB9="NORMAL",15,0)) -> 100
A10: 9 | B10: POP_1SBY012 | C10: DARMO GRAND GI SHELTER PLN | D10: SURABAYA | E10: POP-B | F10: Shelter | H10: R48-2000 | I10: 2 | J10: 40 | K10: 80 | L10: Belum N+1 | M10: 35.2 | N10: Narada | O10: 48NPFC100 | Q10: 4x100AH | R10: 400 | S10: =AF10/M10 -> 11.363636 | T10: =IF(S10<8,"KURANG 8JAM","DIATAS 8JAM") -> DIATAS 8JAM | U10: 44244 | V10: =IF(DATEDIF(U10,TODAY(),"Y")>7,"DIATAS 7 TAHUN", IF(DATEDIF(U10,TODAY(),"Y")>6,"DIATAS 6 TAHUN", IF(DATEDIF(U10,TODAY(),"Y")>5,"DIATAS 5 TAHUN", IF(DATEDIF(U10,TODAY(),"Y")>4,"DIATAS 4 TAHUN", IF(DATEDIF(U10,TODAY(),"Y")>3,"DIATAS 3 TAHUN", IF(DATEDIF(U10,TODAY(),"Y")>2,"DIATAS 2 TAHUN", IF(DATEDIF(U10,TODAY(),"Y")>1,"DIATAS 1 TAHUN", "<= 1 TAHUN"))))))) -> DIATAS 4 TAHUN | Z10: yes | AC10: FALSE | AD10: =IF(TODAY() - AB10 > 365, "Waktunya Dummy", "Belum Waktunya") -> Waktunya Dummy | AE10: =LEFT(Q10) -> 4 | AF10: =AG10*AH10+AI10*AJ10+AK10*AL10+AM10*AN10+AO10*AP10+AQ10*AR10+AS10*AT10+AU10*AV10+AW10*AX10 -> 400 | AG10: 100 | AH10: 1 | AI10: 100 | AJ10: 1 | AK10: 100 | AL10: 1 | AM10: 100 | AN10: 1 | AO10: 0 | AP10: 0 | AQ10: 0 | AR10: 0 | AS10: 0 | AT10: 0 | AU10: 0 | AV10: 0 | AW10: 0 | AX10: 0 | AY10: NORMAL | AZ10: NORMAL | BA10: NORMAL | BB10: NORMAL | BC10: =(IF(AY10="NORMAL",35,0)+IF(AZ10="NORMAL",25,0)+IF(BA10="NORMAL",25,0)+IF(BB10="NORMAL",15,0)) -> 100
A11: 10 | B11: POP_1PSR001 | C11: GRATI GITET PLC PLN | D11: PROBOLINGGO | E11: POP-B | F11: Building | H11: SmartPower 48/3000HE | I11: 3 | J11: 60 | K11: 180 | L11: Lebih dari N+1 | M11: 18.2 | N11: Sinelith | O11: Sinelith LFP48S-100 | Q11: 2x100AH | R11: 200 | S11: =AF11/M11 -> 10.989011 | T11: =IF(S11<8,"KURANG 8JAM","DIATAS 8JAM") -> DIATAS 8JAM | U11: 44589 | V11: =IF(DATEDIF(U11,TODAY(),"Y")>7,"DIATAS 7 TAHUN", IF(DATEDIF(U11,TODAY(),"Y")>6,"DIATAS 6 TAHUN", IF(DATEDIF(U11,TODAY(),"Y")>5,"DIATAS 5 TAHUN", IF(DATEDIF(U11,TODAY(),"Y")>4,"DIATAS 4 TAHUN", IF(DATEDIF(U11,TODAY(),"Y")>3,"DIATAS 3 TAHUN", IF(DATEDIF(U11,TODAY(),"Y")>2,"DIATAS 2 TAHUN", IF(DATEDIF(U11,TODAY(),"Y")>1,"DIATAS 1 TAHUN", "<= 1 TAHUN"))))))) -> DIATAS 3 TAHUN | Z11: yes | AC11: FALSE | AD11: =IF(TODAY() - AB11 > 365, "Waktunya Dummy", "Belum Waktunya") -> Waktunya Dummy | AE11: =LEFT(Q11) -> 2 | AF11: =AG11*AH11+AI11*AJ11+AK11*AL11+AM11*AN11+AO11*AP11+AQ11*AR11+AS11*AT11+AU11*AV11+AW11*AX11 -> 200 | AG11: 100 | AH11: 1 | AI11: 100 | AJ11: 1 | AK11: 0 | AL11: 0 | AM11: 0 | AN11: 0 | AO11: 0 | AP11: 0 | AQ11: 0 | AR11: 0 | AS11: 0 | AT11: 0 | AU11: 0 | AV11: 0 | AW11: 0 | AX11: 0 | AY11: NORMAL | AZ11: NORMAL | BA11: NORMAL | BB11: NORMAL | BC11: =(IF(AY11="NORMAL",35,0)+IF(AZ11="NORMAL",25,0)+IF(BA11="NORMAL",25,0)+IF(BB11="NORMAL",15,0)) -> 100
A12: 11 | B12: POP_1PSR001 | C12: GRATI GITET PLC PLN (rect2) | D12: PROBOLINGGO | E12: POP-B | F12: Building | H12: SmartPower 48/3000HE | I12: 2 | J12: 60 | K12: 120 | L12: N+1 | M12: 11 | N12: Sacred Sun | O12: SSIFP15S48100A Li-ion | Q12: 1x100AH | R12: 100 | S12: =AF12/M12 -> 9.0909091 | T12: =IF(S12<8,"KURANG 8JAM","DIATAS 8JAM") -> DIATAS 8JAM | U12: 44879 | V12: =IF(DATEDIF(U12,TODAY(),"Y")>7,"DIATAS 7 TAHUN", IF(DATEDIF(U12,TODAY(),"Y")>6,"DIATAS 6 TAHUN", IF(DATEDIF(U12,TODAY(),"Y")>5,"DIATAS 5 TAHUN", IF(DATEDIF(U12,TODAY(),"Y")>4,"DIATAS 4 TAHUN", IF(DATEDIF(U12,TODAY(),"Y")>3,"DIATAS 3 TAHUN", IF(DATEDIF(U12,TODAY(),"Y")>2,"DIATAS 2 TAHUN", IF(DATEDIF(U12,TODAY(),"Y")>1,"DIATAS 1 TAHUN", "<= 1 TAHUN"))))))) -> DIATAS 2 TAHUN | Z12: yes | AC12: FALSE | AD12: =IF(TODAY() - AB12 > 365, "Waktunya Dummy", "Belum Waktunya") -> Waktunya Dummy | AE12: =LEFT(Q12) -> 1 | AF12: =AG12*AH12+AI12*AJ12+AK12*AL12+AM12*AN12+AO12*AP12+AQ12*AR12+AS12*AT12+AU12*AV12+AW12*AX12 -> 100 | AG12: 100 | AH12: 1 | AI12: 0 | AK12: 0 | AM12: 0 | AO12: 0 | AQ12: 0 | AS12: 0 | AU12: 0 | AW12: 0 | AY12: NORMAL | AZ12: NORMAL | BA12: NORMAL | BB12: NORMAL | BC12: =(IF(AY12="NORMAL",35,0)+IF(AZ12="NORMAL",25,0)+IF(BA12="NORMAL",25,0)+IF(BB12="NORMAL",15,0)) -> 100
A13: 12 | B13: POP_1GSK002 | C13: GRESIK GITET PLC PLN (rect2) | D13: GRESIK | E13: POP-B | F13: Building | H13: Flatpack S48/1000W | I13: 2 | J13: 20 | K13: 40 | L13: N+1 | M13: 9 | N13: Leoch | O13: Leoch Lith | Q13: 1x100AH | R13: 100 | S13: =AF13/M13 -> 11.111111 | T13: =IF(S13<8,"KURANG 8JAM","DIATAS 8JAM") -> DIATAS 8JAM | U13: 44879 | V13: =IF(DATEDIF(U13,TODAY(),"Y")>7,"DIATAS 7 TAHUN", IF(DATEDIF(U13,TODAY(),"Y")>6,"DIATAS 6 TAHUN", IF(DATEDIF(U13,TODAY(),"Y")>5,"DIATAS 5 TAHUN", IF(DATEDIF(U13,TODAY(),"Y")>4,"DIATAS 4 TAHUN", IF(DATEDIF(U13,TODAY(),"Y")>3,"DIATAS 3 TAHUN", IF(DATEDIF(U13,TODAY(),"Y")>2,"DIATAS 2 TAHUN", IF(DATEDIF(U13,TODAY(),"Y")>1,"DIATAS 1 TAHUN", "<= 1 TAHUN"))))))) -> DIATAS 2 TAHUN | Z13: yes | AC13: FALSE | AD13: =IF(TODAY() - AB13 > 365, "Waktunya Dummy", "Belum Waktunya") -> Waktunya Dummy | AE13: =LEFT(Q13) -> 1 | AF13: =AG13*AH13+AI13*AJ13+AK13*AL13+AM13*AN13+AO13*AP13+AQ13*AR13+AS13*AT13+AU13*AV13+AW13*AX13 -> 100 | AG13: 100 | AH13: 1 | AI13: 0 | AK13: 0 | AM13: 0 | AO13: 0 | AQ13: 0 | AS13: 0 | AU13: 0 | AW13: 0 | AY13: NORMAL | AZ13: NORMAL | BA13: NORMAL | BB13: NORMAL | BC13: =(IF(AY13="NORMAL",35,0)+IF(AZ13="NORMAL",25,0)+IF(BA13="NORMAL",25,0)+IF(BB13="NORMAL",15,0)) -> 100
A14: 13 | B14: POP_1JMR001 | C14: JEMBER GI SHELTER PLN | D14: JEMBER | E14: POP-B | F14: Shelter | H14: SM2000 | I14: 3 | J14: 40 | K14: 120 | L14: N+1 | M14: 19 | N14: NS Lithium | O14: NSLi LiFePO4, 48V 100AH | Q14: 3x100AH | R14: 300 | S14: =AF14/M14 -> 5.2631579 | T14: =IF(S14<8,"KURANG 8JAM","DIATAS 8JAM") -> KURANG 8JAM | U14: 42829 | V14: =IF(DATEDIF(U14,TODAY(),"Y")>7,"DIATAS 7 TAHUN", IF(DATEDIF(U14,TODAY(),"Y")>6,"DIATAS 6 TAHUN", IF(DATEDIF(U14,TODAY(),"Y")>5,"DIATAS 5 TAHUN", IF(DATEDIF(U14,TODAY(),"Y")>4,"DIATAS 4 TAHUN", IF(DATEDIF(U14,TODAY(),"Y")>3,"DIATAS 3 TAHUN", IF(DATEDIF(U14,TODAY(),"Y")>2,"DIATAS 2 TAHUN", IF(DATEDIF(U14,TODAY(),"Y")>1,"DIATAS 1 TAHUN", "<= 1 TAHUN"))))))) -> DIATAS 7 TAHUN | X14: 300 | Y14: old Lithium | Z14: yes | AC14: FALSE | AD14: =IF(TODAY() - AB14 > 365, "Waktunya Dummy", "Belum Waktunya") -> Waktunya Dummy | AE14: =LEFT(Q14) -> 3 | AF14: =AG14*AH14+AI14*AJ14+AK14*AL14+AM14*AN14+AO14*AP14+AQ14*AR14+AS14*AT14+AU14*AV14+AW14*AX14 -> 100 | AG14: 100 | AH14: 0.8 | AI14: 100 | AJ14: 0.15 | AK14: 100 | AL14: 0.05 | AM14: 0 | AN14: 0 | AO14: 0 | AP14: 0 | AQ14: 0 | AR14: 0 | AS14: 0 | AT14: 0 | AU14: 0 | AV14: 0 | AW14: 0 | AX14: 0 | AY14: NORMAL | AZ14: NORMAL | BA14: NORMAL | BB14: NORMAL | BC14: =(IF(AY14="NORMAL",35,0)+IF(AZ14="NORMAL",25,0)+IF(BA14="NORMAL",25,0)+IF(BB14="NORMAL",15,0)) -> 100
A15: 14 | B15: POP_1JMR001 | C15: JEMBER GI SHELTER PLN (rect2) | D15: JEMBER | E15: POP-B | F15: Shelter | H15: R48-2000e3 | I15: 6 | J15: 40 | K15: 240 | L15: Lebih dari N+1 | M15: 7,6 | N15: Sacred Sun | O15: SSIFP15S48100A Li-ion | Q15: 2x100AH | R15: 200 | S15: =AF15/M15 -> 26.315789 | T15: =IF(S15<8,"KURANG 8JAM","DIATAS 8JAM") -> DIATAS 8JAM | U15: 44879 | V15: =IF(DATEDIF(U15,TODAY(),"Y")>7,"DIATAS 7 TAHUN", IF(DATEDIF(U15,TODAY(),"Y")>6,"DIATAS 6 TAHUN", IF(DATEDIF(U15,TODAY(),"Y")>5,"DIATAS 5 TAHUN", IF(DATEDIF(U15,TODAY(),"Y")>4,"DIATAS 4 TAHUN", IF(DATEDIF(U15,TODAY(),"Y")>3,"DIATAS 3 TAHUN", IF(DATEDIF(U15,TODAY(),"Y")>2,"DIATAS 2 TAHUN", IF(DATEDIF(U15,TODAY(),"Y")>1,"DIATAS 1 TAHUN", "<= 1 TAHUN"))))))) -> DIATAS 2 TAHUN | Z15: yes | AC15: FALSE | AD15: =IF(TODAY() - AB15 > 365, "Waktunya Dummy", "Belum Waktunya") -> Waktunya Dummy | AE15: =LEFT(Q15) -> 2 | AF15: =AG15*AH15+AI15*AJ15+AK15*AL15+AM15*AN15+AO15*AP15+AQ15*AR15+AS15*AT15+AU15*AV15+AW15*AX15 -> 200 | AG15: 100 | AH15: 1 | AI15: 100 | AJ15: 1 | AK15: 0 | AM15: 0 | AO15: 0 | AQ15: 0 | AS15: 0 | AU15: 0 | AW15: 0 | AY15: NORMAL | AZ15: NORMAL | BA15: NORMAL | BB15: NORMAL | BC15: =(IF(AY15="NORMAL",35,0)+IF(AZ15="NORMAL",25,0)+IF(BA15="NORMAL",25,0)+IF(BB15="NORMAL",15,0)) -> 100
A16: 15 | B16: POP_1MLG009 | C16: KEBON AGUNG GI SHELTER PLN | D16: MALANG | E16: POP-B | F16: Shelter | H16: R48-2000 | I16: 5 | J16: 40 | K16: 200 | L16: Lebih dari N+1 | M16: 40.3 | N16: Narada | O16: 48NPFC100 | Q16: 4x100Ah | R16: 400 | S16: =AF16/M16 -> 9.9255583 | T16: =IF(S16<8,"KURANG 8JAM","DIATAS 8JAM") -> DIATAS 8JAM | U16: 44462 | V16: =IF(DATEDIF(U16,TODAY(),"Y")>7,"DIATAS 7 TAHUN", IF(DATEDIF(U16,TODAY(),"Y")>6,"DIATAS 6 TAHUN", IF(DATEDIF(U16,TODAY(),"Y")>5,"DIATAS 5 TAHUN", IF(DATEDIF(U16,TODAY(),"Y")>4,"DIATAS 4 TAHUN", IF(DATEDIF(U16,TODAY(),"Y")>3,"DIATAS 3 TAHUN", IF(DATEDIF(U16,TODAY(),"Y")>2,"DIATAS 2 TAHUN", IF(DATEDIF(U16,TODAY(),"Y")>1,"DIATAS 1 TAHUN", "<= 1 TAHUN"))))))) -> DIATAS 4 TAHUN | Z16: yes | AC16: FALSE | AD16: =IF(TODAY() - AB16 > 365, "Waktunya Dummy", "Belum Waktunya") -> Waktunya Dummy | AE16: =LEFT(Q16) -> 4 | AF16: =AG16*AH16+AI16*AJ16+AK16*AL16+AM16*AN16+AO16*AP16+AQ16*AR16+AS16*AT16+AU16*AV16+AW16*AX16 -> 400 | AG16: 100 | AH16: 1 | AI16: 100 | AJ16: 1 | AK16: 100 | AL16: 1 | AM16: 100 | AN16: 1 | AO16: 0 | AP16: 0 | AQ16: 0 | AR16: 0 | AS16: 0 | AT16: 0 | AU16: 0 | AV16: 0 | AW16: 0 | AX16: 0 | AY16: NORMAL | AZ16: NORMAL | BA16: NORMAL | BB16: NORMAL | BC16: =(IF(AY16="NORMAL",35,0)+IF(AZ16="NORMAL",25,0)+IF(BA16="NORMAL",25,0)+IF(BB16="NORMAL",15,0)) -> 100
A17: 16 | B17: POP_1KPN016 | C17: LAWANG GI SHELTER PLN | D17: MALANG | E17: POP-B | F17: Shelter | H17: SM2000 | I17: 3 | J17: 40 | K17: 120 | L17: N+1 | M17: 14 | N17: Narada | O17: Leoch Lith | Q17: 3x100AH | R17: 300 | S17: =AF17/M17 -> 21.428571 | T17: =IF(S17<8,"KURANG 8JAM","DIATAS 8JAM") -> DIATAS 8JAM | U17: 43995 | V17: =IF(DATEDIF(U17,TODAY(),"Y")>7,"DIATAS 7 TAHUN", IF(DATEDIF(U17,TODAY(),"Y")>6,"DIATAS 6 TAHUN", IF(DATEDIF(U17,TODAY(),"Y")>5,"DIATAS 5 TAHUN", IF(DATEDIF(U17,TODAY(),"Y")>4,"DIATAS 4 TAHUN", IF(DATEDIF(U17,TODAY(),"Y")>3,"DIATAS 3 TAHUN", IF(DATEDIF(U17,TODAY(),"Y")>2,"DIATAS 2 TAHUN", IF(DATEDIF(U17,TODAY(),"Y")>1,"DIATAS 1 TAHUN", "<= 1 TAHUN"))))))) -> DIATAS 5 TAHUN | W17: 9 slot | Z17: yes | AC17: FALSE | AD17: =IF(TODAY() - AB17 > 365, "Waktunya Dummy", "Belum Waktunya") -> Waktunya Dummy | AE17: =LEFT(Q17) -> 3 | AF17: =AG17*AH17+AI17*AJ17+AK17*AL17+AM17*AN17+AO17*AP17+AQ17*AR17+AS17*AT17+AU17*AV17+AW17*AX17 -> 300 | AG17: 100 | AH17: 1 | AI17: 100 | AJ17: 1 | AK17: 100 | AL17: 1 | AM17: 0 | AN17: 0 | AO17: 0 | AP17: 0 | AQ17: 0 | AR17: 0 | AS17: 0 | AT17: 0 | AU17: 0 | AV17: 0 | AW17: 0 | AX17: 0 | AY17: NORMAL | AZ17: NORMAL | BA17: NORMAL | BB17: NORMAL | BC17: =(IF(AY17="NORMAL",35,0)+IF(AZ17="NORMAL",25,0)+IF(BA17="NORMAL",25,0)+IF(BB17="NORMAL",15,0)) -> 100
